-- phpMyAdmin SQL Dump
-- version 5.2.1
-- https://www.phpmyadmin.net/
--
-- Host: 127.0.0.1
-- Generation Time: Jun 22, 2025 at 10:35 PM
-- Server version: 8.0.41
-- PHP Version: 8.2.12

SET SQL_MODE = "NO_AUTO_VALUE_ON_ZERO";
START TRANSACTION;
SET time_zone = "+00:00";


/*!40101 SET @OLD_CHARACTER_SET_CLIENT=@@CHARACTER_SET_CLIENT */;
/*!40101 SET @OLD_CHARACTER_SET_RESULTS=@@CHARACTER_SET_RESULTS */;
/*!40101 SET @OLD_COLLATION_CONNECTION=@@COLLATION_CONNECTION */;
/*!40101 SET NAMES utf8mb4 */;

--
-- Database: `sugalheroes`
--

-- --------------------------------------------------------

--
-- Table structure for table `crypto_transactions`
--

CREATE TABLE `crypto_transactions` (
  `transaction_id` int NOT NULL,
  `user_id` int NOT NULL,
  `token_id` int NOT NULL,
  `type` enum('deposit','withdrawal','transfer','sale','mining_reward') COLLATE utf8mb4_unicode_ci NOT NULL,
  `amount` decimal(25,18) NOT NULL,
  `from_address` varchar(42) COLLATE utf8mb4_unicode_ci DEFAULT NULL,
  `to_address` varchar(42) COLLATE utf8mb4_unicode_ci DEFAULT NULL,
  `tx_hash` varchar(66) COLLATE utf8mb4_unicode_ci DEFAULT NULL,
  `status` enum('pending','completed','failed','cancelled') COLLATE utf8mb4_unicode_ci NOT NULL DEFAULT 'pending',
  `created_at` timestamp NULL DEFAULT CURRENT_TIMESTAMP,
  `updated_at` timestamp NULL DEFAULT CURRENT_TIMESTAMP ON UPDATE CURRENT_TIMESTAMP
) ENGINE=InnoDB DEFAULT CHARSET=utf8mb4 COLLATE=utf8mb4_unicode_ci;

--
-- Dumping data for table `crypto_transactions`
--

INSERT INTO `crypto_transactions` (`transaction_id`, `user_id`, `token_id`, `type`, `amount`, `from_address`, `to_address`, `tx_hash`, `status`, `created_at`, `updated_at`) VALUES
(1, 8, 1, 'sale', 100.000000000000000000, NULL, '0x9383b1E1AdfE2c56F8f23cd21bC6c3f8003964DC', '0xa8fbe25e4fca3843b0413315f530a3213047397ad702e878a68153d11564fe6c', 'completed', '2025-06-21 18:09:56', '2025-06-21 18:09:56'),
(2, 8, 1, 'sale', 100.000000000000000000, NULL, '0x71942895e247ed4BAD9049c88A7AF82577D11e10', '0x4ae4de97bb9070395bb06f1f05e7aba203431a80264a37e1fded2f023350ffb1', 'completed', '2025-06-21 19:39:04', '2025-06-21 19:39:04'),
(3, 8, 1, 'deposit', 10.000000000000000000, '0x71942895e247ed4BAD9049c88A7AF82577D11e10', NULL, '0x1b502df1573a692ce7e011c84380280875bc634397d8dfc816e0427347d08cee', 'completed', '2025-06-22 07:50:25', '2025-06-22 07:50:25'),
(6, 17, 1, 'deposit', 100.000000000000000000, '0x71942895e247ed4BAD9049c88A7AF82577D11e10', NULL, '0xdff3e09ee48180f5fa3452e49209559046ef4fc54127c72b72cbd68b9c5c32d0', 'completed', '2025-06-22 19:38:33', '2025-06-22 19:38:33');

-- --------------------------------------------------------

--
-- Table structure for table `games`
--

CREATE TABLE `games` (
  `id` int NOT NULL,
  `game_name` varchar(100) NOT NULL,
  `description` text,
  `created_at` timestamp NULL DEFAULT CURRENT_TIMESTAMP
) ENGINE=InnoDB DEFAULT CHARSET=utf8mb4 COLLATE=utf8mb4_0900_ai_ci;

--
-- Dumping data for table `games`
--

INSERT INTO `games` (`id`, `game_name`, `description`, `created_at`) VALUES
(1, 'Slot Machine', 'Classic slot machine game.', '2025-06-05 15:00:10'),
(2, 'Plinko', 'Drop a ball and watch it fall for multipliers.', '2025-06-05 15:00:10'),
(3, 'Dice Game', 'Roll the dice and test your luck.', '2025-06-05 15:00:10'),
(4, 'Roulette', 'Spin the wheel and bet on numbers or colors.', '2025-06-05 15:00:10'),
(5, 'Falling Tokens', 'Collect tokens and multipliers in a falling game.', '2025-06-06 08:02:33'),
(6, 'Kara Krus', 'A two-coin flip game against the dealer.', '2025-06-06 16:42:11');

-- --------------------------------------------------------

--
-- Table structure for table `game_history`
--

CREATE TABLE `game_history` (
  `history_id` int NOT NULL,
  `user_id` int NOT NULL,
  `game_id` int NOT NULL,
  `bet_amount_token` decimal(25,18) DEFAULT '0.000000000000000000',
  `payout_token` decimal(25,18) DEFAULT '0.000000000000000000',
  `currency_type` enum('fiat','token') COLLATE utf8mb4_unicode_ci NOT NULL,
  `outcome` enum('win','loss','draw') COLLATE utf8mb4_unicode_ci NOT NULL,
  `details` json DEFAULT NULL,
  `bet_time` timestamp NULL DEFAULT CURRENT_TIMESTAMP
) ENGINE=InnoDB DEFAULT CHARSET=utf8mb4 COLLATE=utf8mb4_unicode_ci;

-- --------------------------------------------------------

--
-- Table structure for table `transactions`
--

CREATE TABLE `transactions` (
  `id` int NOT NULL,
  `user_id` int NOT NULL,
  `type` varchar(50) NOT NULL,
  `amount` decimal(10,2) NOT NULL,
  `description` varchar(255) DEFAULT NULL,
  `reference_id` int DEFAULT NULL,
  `status` varchar(50) NOT NULL DEFAULT 'completed',
  `created_at` timestamp NULL DEFAULT CURRENT_TIMESTAMP,
  `game_id` int DEFAULT NULL
) ENGINE=InnoDB DEFAULT CHARSET=utf8mb4 COLLATE=utf8mb4_0900_ai_ci;

--
-- Dumping data for table `transactions`
--

INSERT INTO `transactions` (`id`, `user_id`, `type`, `amount`, `description`, `reference_id`, `status`, `created_at`, `game_id`) VALUES
(30, 8, 'bet', 10.00, '0', NULL, 'completed', '2025-06-05 12:22:41', 2),
(31, 8, 'win', 5.00, 'Bet won. Payout: 5.00', 30, 'completed', '2025-06-05 12:22:42', NULL),
(32, 8, 'bet', 10.00, '0', NULL, 'pending', '2025-06-05 12:22:45', 2),
(33, 8, 'bet', 10.00, '0', NULL, 'completed', '2025-06-05 12:22:46', 2),
(34, 8, 'win', 12.00, 'Bet won. Payout: 12.00', 33, 'completed', '2025-06-05 12:22:46', NULL),
(35, 8, 'bet', 10.00, '0', NULL, 'completed', '2025-06-05 12:22:47', 2),
(36, 8, 'win', 5.00, 'Bet won. Payout: 5.00', 35, 'completed', '2025-06-05 12:22:48', NULL),
(37, 8, 'bet', 10.00, '0', NULL, 'completed', '2025-06-05 12:22:50', 2),
(38, 8, 'win', 5.00, 'Bet won. Payout: 5.00', 37, 'completed', '2025-06-05 12:22:51', NULL),
(39, 8, 'bet', 10.00, '0', NULL, 'completed', '2025-06-05 12:22:51', 2),
(40, 8, 'win', 5.00, 'Bet won. Payout: 5.00', 39, 'completed', '2025-06-05 12:22:52', NULL),
(41, 8, 'bet', 10.00, '0', NULL, 'completed', '2025-06-05 12:23:39', 2),
(42, 8, 'win', 5.00, 'Bet won. Payout: 5.00', 41, 'completed', '2025-06-05 12:23:40', NULL),
(43, 8, 'bet', 10.00, '0', NULL, 'completed', '2025-06-05 12:26:41', 2),
(44, 8, 'win', 5.00, 'Bet won. Payout: 5.00', 43, 'completed', '2025-06-05 12:26:42', NULL),
(45, 8, 'bet', 10.00, '0', NULL, 'completed', '2025-06-05 12:26:44', 2),
(46, 8, 'win', 5.00, 'Bet won. Payout: 5.00', 45, 'completed', '2025-06-05 12:26:45', NULL),
(47, 8, 'bet', 10.00, '0', NULL, 'completed', '2025-06-05 12:26:46', 2),
(48, 8, 'win', 12.00, 'Bet won. Payout: 12.00', 47, 'completed', '2025-06-05 12:26:47', NULL),
(49, 8, 'bet', 10.00, '0', NULL, 'pending', '2025-06-05 12:26:47', 2),
(50, 8, 'bet', 10.00, '0', NULL, 'pending', '2025-06-05 12:26:47', 2),
(51, 8, 'bet', 10.00, '0', NULL, 'pending', '2025-06-05 12:26:48', 2),
(52, 8, 'bet', 10.00, '0', NULL, 'pending', '2025-06-05 12:26:48', 2),
(53, 8, 'bet', 10.00, '0', NULL, 'completed', '2025-06-05 12:26:48', 2),
(54, 8, 'win', 5.00, 'Bet won. Payout: 5.00', 53, 'completed', '2025-06-05 12:26:48', NULL),
(55, 8, 'bet', 10.00, '0', NULL, 'pending', '2025-06-05 12:26:48', 2),
(56, 8, 'bet', 10.00, '0', NULL, 'completed', '2025-06-05 12:26:48', 2),
(57, 8, 'win', 5.00, 'Bet won. Payout: 5.00', 56, 'completed', '2025-06-05 12:26:48', NULL),
(58, 8, 'bet', 10.00, '0', NULL, 'pending', '2025-06-05 12:26:48', 2),
(59, 8, 'bet', 10.00, '0', NULL, 'completed', '2025-06-05 12:26:48', 2),
(60, 8, 'win', 5.00, 'Bet won. Payout: 5.00', 59, 'completed', '2025-06-05 12:26:49', NULL),
(61, 8, 'bet', 10.00, '0', NULL, 'completed', '2025-06-05 12:26:49', 2),
(62, 8, 'win', 5.00, 'Bet won. Payout: 5.00', 61, 'completed', '2025-06-05 12:26:49', NULL),
(63, 8, 'bet', 10.00, '0', NULL, 'pending', '2025-06-05 12:26:49', 2),
(64, 8, 'bet', 10.00, '0', NULL, 'pending', '2025-06-05 12:26:49', 2),
(65, 8, 'bet', 10.00, '0', NULL, 'completed', '2025-06-05 12:26:49', 2),
(66, 8, 'win', 5.00, 'Bet won. Payout: 5.00', 65, 'completed', '2025-06-05 12:26:49', NULL),
(67, 8, 'bet', 10.00, '0', NULL, 'completed', '2025-06-05 12:26:49', 2),
(68, 8, 'bet', 10.00, '0', NULL, 'pending', '2025-06-05 12:26:49', 2),
(69, 8, 'win', 5.00, 'Bet won. Payout: 5.00', 67, 'completed', '2025-06-05 12:26:49', NULL),
(70, 8, 'bet', 10.00, '0', NULL, 'completed', '2025-06-05 12:26:49', 2),
(71, 8, 'win', 5.00, 'Bet won. Payout: 5.00', 70, 'completed', '2025-06-05 12:26:49', NULL),
(72, 8, 'bet', 10.00, '0', NULL, 'completed', '2025-06-05 12:26:49', 2),
(73, 8, 'win', 5.00, 'Bet won. Payout: 5.00', 72, 'completed', '2025-06-05 12:26:50', NULL),
(74, 8, 'bet', 10.00, '0', NULL, 'completed', '2025-06-05 12:26:50', 2),
(75, 8, 'win', 5.00, 'Bet won. Payout: 5.00', 74, 'completed', '2025-06-05 12:26:50', NULL),
(76, 8, 'bet', 10.00, '0', NULL, 'completed', '2025-06-05 12:26:50', 2),
(77, 8, 'win', 5.00, 'Bet won. Payout: 5.00', 76, 'completed', '2025-06-05 12:26:50', NULL),
(78, 8, 'bet', 10.00, '0', NULL, 'pending', '2025-06-05 12:26:50', 2),
(79, 8, 'bet', 10.00, '0', NULL, 'pending', '2025-06-05 12:26:50', 2),
(80, 8, 'bet', 10.00, '0', NULL, 'completed', '2025-06-05 12:26:50', 2),
(81, 8, 'win', 5.00, 'Bet won. Payout: 5.00', 80, 'completed', '2025-06-05 12:26:50', NULL),
(82, 8, 'bet', 10.00, '0', NULL, 'completed', '2025-06-05 12:26:50', 2),
(83, 8, 'win', 5.00, 'Bet won. Payout: 5.00', 82, 'completed', '2025-06-05 12:26:50', NULL),
(84, 8, 'bet', 10.00, '0', NULL, 'completed', '2025-06-05 12:26:50', 2),
(85, 8, 'win', 5.00, 'Bet won. Payout: 5.00', 84, 'completed', '2025-06-05 12:26:50', NULL),
(86, 8, 'bet', 10.00, '0', NULL, 'completed', '2025-06-05 12:26:51', 2),
(87, 8, 'win', 5.00, 'Bet won. Payout: 5.00', 86, 'completed', '2025-06-05 12:26:51', NULL),
(88, 8, 'bet', 10.00, '0', NULL, 'completed', '2025-06-05 12:26:51', 2),
(89, 8, 'win', 5.00, 'Bet won. Payout: 5.00', 88, 'completed', '2025-06-05 12:26:51', NULL),
(90, 8, 'bet', 10.00, '0', NULL, 'completed', '2025-06-05 12:26:51', 2),
(91, 8, 'win', 5.00, 'Bet won. Payout: 5.00', 90, 'completed', '2025-06-05 12:26:51', NULL),
(92, 8, 'bet', 10.00, '0', NULL, 'completed', '2025-06-05 12:26:51', 2),
(93, 8, 'win', 5.00, 'Bet won. Payout: 5.00', 92, 'completed', '2025-06-05 12:26:51', NULL),
(94, 8, 'bet', 10.00, '0', NULL, 'completed', '2025-06-05 12:26:52', 2),
(95, 8, 'win', 15.00, 'Bet won. Payout: 15.00', 94, 'completed', '2025-06-05 12:26:52', NULL),
(96, 8, 'bet', 10.00, '0', NULL, 'pending', '2025-06-05 12:26:52', 2),
(97, 8, 'bet', 10.00, '0', NULL, 'pending', '2025-06-05 12:26:52', 2),
(98, 8, 'bet', 10.00, '0', NULL, 'pending', '2025-06-05 12:26:52', 2),
(99, 8, 'bet', 10.00, '0', NULL, 'completed', '2025-06-05 12:26:53', 2),
(100, 8, 'win', 5.00, 'Bet won. Payout: 5.00', 99, 'completed', '2025-06-05 12:26:53', NULL),
(101, 8, 'bet', 10.00, '0', NULL, 'completed', '2025-06-05 12:26:53', 2),
(102, 8, 'win', 5.00, 'Bet won. Payout: 5.00', 101, 'completed', '2025-06-05 12:26:53', NULL),
(103, 8, 'bet', 10.00, '0', NULL, 'pending', '2025-06-05 12:26:53', 2),
(104, 8, 'bet', 10.00, '0', NULL, 'completed', '2025-06-05 12:26:53', 2),
(105, 8, 'win', 12.00, 'Bet won. Payout: 12.00', 104, 'completed', '2025-06-05 12:26:53', NULL),
(106, 8, 'bet', 10.00, '0', NULL, 'completed', '2025-06-05 12:26:53', 2),
(107, 8, 'win', 5.00, 'Bet won. Payout: 5.00', 106, 'completed', '2025-06-05 12:26:54', NULL),
(108, 8, 'bet', 10.00, '0', NULL, 'pending', '2025-06-05 12:26:54', 2),
(109, 8, 'bet', 10.00, '0', NULL, 'pending', '2025-06-05 12:26:54', 2),
(110, 8, 'bet', 10.00, '0', NULL, 'pending', '2025-06-05 12:26:54', 2),
(111, 8, 'bet', 10.00, '0', NULL, 'pending', '2025-06-05 12:26:54', 2),
(112, 8, 'bet', 10.00, '0', NULL, 'pending', '2025-06-05 12:26:54', 2),
(113, 8, 'bet', 10.00, '0', NULL, 'completed', '2025-06-05 12:26:54', 2),
(114, 8, 'win', 5.00, 'Bet won. Payout: 5.00', 113, 'completed', '2025-06-05 12:26:54', NULL),
(115, 8, 'bet', 10.00, '0', NULL, 'completed', '2025-06-05 12:26:54', 2),
(116, 8, 'win', 8.00, 'Bet won. Payout: 8.00', 115, 'completed', '2025-06-05 12:26:54', NULL),
(117, 8, 'bet', 10.00, '0', NULL, 'completed', '2025-06-05 12:26:55', 2),
(118, 8, 'win', 15.00, 'Bet won. Payout: 15.00', 117, 'completed', '2025-06-05 12:26:55', NULL),
(119, 8, 'bet', 10.00, '0', NULL, 'completed', '2025-06-05 12:26:55', 2),
(120, 8, 'win', 5.00, 'Bet won. Payout: 5.00', 119, 'completed', '2025-06-05 12:26:55', NULL),
(121, 8, 'bet', 10.00, '0', NULL, 'completed', '2025-06-05 12:26:55', 2),
(122, 8, 'win', 5.00, 'Bet won. Payout: 5.00', 121, 'completed', '2025-06-05 12:26:55', NULL),
(123, 8, 'bet', 10.00, '0', NULL, 'pending', '2025-06-05 12:26:55', 2),
(124, 8, 'bet', 10.00, '0', NULL, 'completed', '2025-06-05 12:26:55', 2),
(125, 8, 'win', 5.00, 'Bet won. Payout: 5.00', 124, 'completed', '2025-06-05 12:26:55', NULL),
(126, 8, 'bet', 10.00, '0', NULL, 'pending', '2025-06-05 12:26:55', 2),
(127, 8, 'bet', 10.00, '0', NULL, 'completed', '2025-06-05 12:26:55', 2),
(128, 8, 'win', 12.00, 'Bet won. Payout: 12.00', 127, 'completed', '2025-06-05 12:26:55', NULL),
(129, 8, 'bet', 10.00, '0', NULL, 'completed', '2025-06-05 12:26:55', 2),
(130, 8, 'bet', 10.00, '0', NULL, 'pending', '2025-06-05 12:26:56', 2),
(131, 8, 'win', 10.00, 'Bet won. Payout: 10.00', 129, 'completed', '2025-06-05 12:26:56', NULL),
(132, 8, 'bet', 10.00, '0', NULL, 'completed', '2025-06-05 12:26:56', 2),
(133, 8, 'win', 5.00, 'Bet won. Payout: 5.00', 132, 'completed', '2025-06-05 12:26:56', NULL),
(134, 8, 'bet', 10.00, '0', NULL, 'pending', '2025-06-05 12:26:56', 2),
(135, 8, 'bet', 10.00, '0', NULL, 'completed', '2025-06-05 12:26:56', 2),
(136, 8, 'bet', 10.00, '0', NULL, 'pending', '2025-06-05 12:26:56', 2),
(137, 8, 'win', 5.00, 'Bet won. Payout: 5.00', 135, 'completed', '2025-06-05 12:26:56', NULL),
(138, 8, 'bet', 10.00, '0', NULL, 'completed', '2025-06-05 12:26:56', 2),
(139, 8, 'win', 5.00, 'Bet won. Payout: 5.00', 138, 'completed', '2025-06-05 12:26:56', NULL),
(140, 8, 'bet', 10.00, '0', NULL, 'completed', '2025-06-05 12:26:56', 2),
(141, 8, 'win', 5.00, 'Bet won. Payout: 5.00', 140, 'completed', '2025-06-05 12:26:56', NULL),
(142, 8, 'bet', 10.00, '0', NULL, 'completed', '2025-06-05 12:26:56', 2),
(143, 8, 'win', 5.00, 'Bet won. Payout: 5.00', 142, 'completed', '2025-06-05 12:26:57', NULL),
(144, 8, 'bet', 10.00, '0', NULL, 'pending', '2025-06-05 12:26:57', 2),
(145, 8, 'bet', 10.00, '0', NULL, 'completed', '2025-06-05 12:26:57', 2),
(146, 8, 'win', 5.00, 'Bet won. Payout: 5.00', 145, 'completed', '2025-06-05 12:26:57', NULL),
(147, 8, 'bet', 10.00, '0', NULL, 'completed', '2025-06-05 12:26:57', 2),
(148, 8, 'bet', 10.00, '0', NULL, 'pending', '2025-06-05 12:26:57', 2),
(149, 8, 'win', 5.00, 'Bet won. Payout: 5.00', 147, 'completed', '2025-06-05 12:26:57', NULL),
(150, 8, 'bet', 10.00, '0', NULL, 'completed', '2025-06-05 12:26:57', 2),
(151, 8, 'bet', 10.00, '0', NULL, 'pending', '2025-06-05 12:26:57', 2),
(152, 8, 'win', 5.00, 'Bet won. Payout: 5.00', 150, 'completed', '2025-06-05 12:26:57', NULL),
(153, 8, 'bet', 10.00, '0', NULL, 'completed', '2025-06-05 12:26:57', 2),
(154, 8, 'win', 5.00, 'Bet won. Payout: 5.00', 153, 'completed', '2025-06-05 12:26:57', NULL),
(155, 8, 'bet', 10.00, '0', NULL, 'pending', '2025-06-05 12:26:58', 2),
(156, 8, 'bet', 10.00, '0', NULL, 'completed', '2025-06-05 12:26:58', 2),
(157, 8, 'win', 12.00, 'Bet won. Payout: 12.00', 156, 'completed', '2025-06-05 12:26:58', NULL),
(158, 8, 'bet', 10.00, '0', NULL, 'pending', '2025-06-05 12:26:58', 2),
(159, 8, 'bet', 10.00, '0', NULL, 'completed', '2025-06-05 12:26:58', 2),
(160, 8, 'win', 12.00, 'Bet won. Payout: 12.00', 159, 'completed', '2025-06-05 12:26:58', NULL),
(161, 8, 'bet', 10.00, '0', NULL, 'pending', '2025-06-05 12:26:58', 2),
(162, 8, 'bet', 10.00, '0', NULL, 'completed', '2025-06-05 12:26:58', 2),
(163, 8, 'win', 5.00, 'Bet won. Payout: 5.00', 162, 'completed', '2025-06-05 12:26:58', NULL),
(164, 8, 'bet', 10.00, '0', NULL, 'pending', '2025-06-05 12:26:58', 2),
(165, 8, 'bet', 10.00, '0', NULL, 'completed', '2025-06-05 12:26:59', 2),
(166, 8, 'win', 5.00, 'Bet won. Payout: 5.00', 165, 'completed', '2025-06-05 12:26:59', NULL),
(167, 8, 'bet', 10.00, '0', NULL, 'completed', '2025-06-05 12:26:59', 2),
(168, 8, 'win', 12.00, 'Bet won. Payout: 12.00', 167, 'completed', '2025-06-05 12:26:59', NULL),
(169, 8, 'bet', 10.00, '0', NULL, 'pending', '2025-06-05 12:26:59', 2),
(170, 8, 'bet', 10.00, '0', NULL, 'pending', '2025-06-05 12:26:59', 2),
(171, 8, 'bet', 10.00, '0', NULL, 'pending', '2025-06-05 12:26:59', 2),
(172, 8, 'bet', 10.00, '0', NULL, 'completed', '2025-06-05 12:26:59', 2),
(173, 8, 'win', 12.00, 'Bet won. Payout: 12.00', 172, 'completed', '2025-06-05 12:26:59', NULL),
(174, 8, 'bet', 10.00, '0', NULL, 'completed', '2025-06-05 12:26:59', 2),
(175, 8, 'win', 5.00, 'Bet won. Payout: 5.00', 174, 'completed', '2025-06-05 12:26:59', NULL),
(176, 8, 'bet', 10.00, '0', NULL, 'completed', '2025-06-05 15:03:17', 2),
(177, 8, 'win', 12.00, 'Bet won. Payout: 12.00', 176, 'completed', '2025-06-05 15:03:18', NULL),
(178, 8, 'bet', 10.00, '0', NULL, 'completed', '2025-06-05 15:03:18', 2),
(179, 8, 'win', 5.00, 'Bet won. Payout: 5.00', 178, 'completed', '2025-06-05 15:03:19', NULL),
(180, 8, 'bet', 10.00, '0', NULL, 'completed', '2025-06-05 15:03:20', 2),
(181, 8, 'win', 5.00, 'Bet won. Payout: 5.00', 180, 'completed', '2025-06-05 15:03:21', NULL),
(182, 8, 'bet', 10.00, '0', NULL, 'completed', '2025-06-05 15:03:24', 2),
(183, 8, 'win', 5.00, 'Bet won. Payout: 5.00', 182, 'completed', '2025-06-05 15:03:25', NULL),
(184, 8, 'bet', 10.00, '0', NULL, 'completed', '2025-06-05 15:03:27', 2),
(185, 8, 'win', 12.00, 'Bet won. Payout: 12.00', 184, 'completed', '2025-06-05 15:03:28', NULL),
(186, 8, 'bet', 10.00, '0', NULL, 'completed', '2025-06-05 15:03:30', 2),
(187, 8, 'win', 5.00, 'Bet won. Payout: 5.00', 186, 'completed', '2025-06-05 15:03:31', NULL),
(188, 8, 'bet', 10.00, '0', NULL, 'completed', '2025-06-05 15:03:32', 2),
(189, 8, 'win', 5.00, 'Bet won. Payout: 5.00', 188, 'completed', '2025-06-05 15:03:33', NULL),
(190, 8, 'bet', 10.00, '0', NULL, 'completed', '2025-06-05 15:15:58', 2),
(191, 8, 'win', 12.00, 'Bet won. Payout: 12.00', 190, 'completed', '2025-06-05 15:15:59', NULL),
(192, 8, 'bet', 10.00, '0', NULL, 'completed', '2025-06-05 15:16:05', 2),
(193, 8, 'win', 5.00, 'Bet won. Payout: 5.00', 192, 'completed', '2025-06-05 15:16:06', NULL),
(194, 8, 'bet', 10.00, 'Bet won. Payout: 5.00', NULL, 'completed', '2025-06-05 15:18:07', 2),
(195, 8, 'win', 5.00, 'Bet won. Payout: 5.00', 194, 'completed', '2025-06-05 15:18:08', 2),
(196, 8, 'bet', 10.00, 'Bet won. Payout: 5.00', NULL, 'completed', '2025-06-05 15:18:08', 2),
(197, 8, 'win', 5.00, 'Bet won. Payout: 5.00', 196, 'completed', '2025-06-05 15:18:09', 2),
(198, 8, 'bet', 10.00, 'Bet won. Payout: 5.00', NULL, 'completed', '2025-06-06 03:16:11', 2),
(199, 8, 'win', 5.00, 'Bet won. Payout: 5.00', 198, 'completed', '2025-06-06 03:16:12', 2),
(200, 8, 'bet', 10.00, 'Bet won. Payout: 5.00', NULL, 'completed', '2025-06-06 03:16:12', 2),
(201, 8, 'win', 5.00, 'Bet won. Payout: 5.00', 200, 'completed', '2025-06-06 03:16:13', 2),
(202, 8, 'bet', 10.00, 'Bet won. Payout: 5.00', NULL, 'completed', '2025-06-06 03:16:14', 2),
(203, 8, 'win', 5.00, 'Bet won. Payout: 5.00', 202, 'completed', '2025-06-06 03:16:15', 2),
(204, 8, 'bet', 10.00, 'Bet won. Payout: 12.00', NULL, 'completed', '2025-06-06 03:16:16', 2),
(205, 8, 'win', 12.00, 'Bet won. Payout: 12.00', 204, 'completed', '2025-06-06 03:16:18', 2),
(206, 8, 'bet', 10.00, 'Bet won. Payout: 12.00', NULL, 'completed', '2025-06-06 03:16:19', 2),
(207, 8, 'win', 12.00, 'Bet won. Payout: 12.00', 206, 'completed', '2025-06-06 03:16:20', 2),
(208, 8, 'bet', 10.00, 'Bet won. Payout: 5.00', NULL, 'completed', '2025-06-06 03:16:20', 2),
(209, 8, 'win', 5.00, 'Bet won. Payout: 5.00', 208, 'completed', '2025-06-06 03:16:21', 2),
(210, 8, 'bet', 10.00, 'Bet won. Payout: 12.00', NULL, 'completed', '2025-06-06 03:16:23', 2),
(211, 8, 'win', 12.00, 'Bet won. Payout: 12.00', 210, 'completed', '2025-06-06 03:16:24', 2),
(212, 8, 'deposit', 599.00, 'Funds deposited', NULL, 'completed', '2025-06-06 03:40:55', NULL),
(213, 8, 'bet', 10.00, 'Bet won. Payout: 5.00', NULL, 'completed', '2025-06-06 05:01:46', 2),
(214, 8, 'win', 5.00, 'Bet won. Payout: 5.00', 213, 'completed', '2025-06-06 05:01:47', 2),
(215, 8, 'bet', 10.00, 'Bet won. Payout: 5.00', NULL, 'completed', '2025-06-06 05:01:53', 2),
(216, 8, 'win', 5.00, 'Bet won. Payout: 5.00', 215, 'completed', '2025-06-06 05:01:54', 2),
(217, 8, 'bet', 10.00, 'Bet won. Payout: 5.00', NULL, 'completed', '2025-06-06 05:01:55', 2),
(218, 8, 'win', 5.00, 'Bet won. Payout: 5.00', 217, 'completed', '2025-06-06 05:01:56', 2),
(219, 8, 'bet', 10.00, 'Bet won. Payout: 5.00', NULL, 'completed', '2025-06-06 05:01:57', 2),
(220, 8, 'win', 5.00, 'Bet won. Payout: 5.00', 219, 'completed', '2025-06-06 05:01:58', 2),
(221, 8, 'deposit', 20.00, 'Funds deposited', NULL, 'completed', '2025-06-06 05:02:50', NULL),
(222, 8, 'bet', 10.00, '0', NULL, 'pending', '2025-06-06 05:54:47', 2),
(223, 8, 'bet', 10.00, '0', NULL, 'pending', '2025-06-06 05:54:47', 2),
(224, 8, 'bet', 10.00, '0', NULL, 'pending', '2025-06-06 05:54:47', 2),
(225, 8, 'bet', 10.00, '0', NULL, 'pending', '2025-06-06 05:54:47', 2),
(226, 8, 'bet', 10.00, '0', NULL, 'pending', '2025-06-06 05:54:47', 2),
(227, 8, 'bet', 10.00, '0', NULL, 'pending', '2025-06-06 05:54:47', 2),
(228, 8, 'bet', 10.00, '0', NULL, 'pending', '2025-06-06 05:54:48', 2),
(229, 8, 'bet', 10.00, 'Bet won. Payout: 5.00', NULL, 'completed', '2025-06-06 05:54:48', 2),
(230, 8, 'win', 5.00, 'Bet won. Payout: 5.00', 229, 'completed', '2025-06-06 05:54:48', 2),
(231, 8, 'bet', 10.00, 'Bet won. Payout: 5.00', NULL, 'completed', '2025-06-06 05:54:48', 2),
(232, 8, 'win', 5.00, 'Bet won. Payout: 5.00', 231, 'completed', '2025-06-06 05:54:48', 2),
(233, 8, 'bet', 10.00, '0', NULL, 'pending', '2025-06-06 05:54:48', 2),
(234, 8, 'bet', 10.00, '0', NULL, 'pending', '2025-06-06 05:54:48', 2),
(235, 8, 'bet', 10.00, '0', NULL, 'pending', '2025-06-06 05:54:48', 2),
(236, 8, 'bet', 10.00, 'Bet won. Payout: 12.00', NULL, 'completed', '2025-06-06 05:54:48', 2),
(237, 8, 'win', 12.00, 'Bet won. Payout: 12.00', 236, 'completed', '2025-06-06 05:54:48', 2),
(238, 8, 'bet', 10.00, '0', NULL, 'pending', '2025-06-06 05:54:48', 2),
(239, 8, 'bet', 10.00, 'Bet won. Payout: 5.00', NULL, 'completed', '2025-06-06 05:54:49', 2),
(240, 8, 'win', 5.00, 'Bet won. Payout: 5.00', 239, 'completed', '2025-06-06 05:54:49', 2),
(241, 8, 'bet', 10.00, '0', NULL, 'pending', '2025-06-06 05:54:49', 2),
(242, 8, 'bet', 10.00, 'Bet won. Payout: 12.00', NULL, 'completed', '2025-06-06 05:54:49', 2),
(243, 8, 'win', 12.00, 'Bet won. Payout: 12.00', 242, 'completed', '2025-06-06 05:54:49', 2),
(244, 8, 'bet', 10.00, 'Bet won. Payout: 5.00', NULL, 'completed', '2025-06-06 05:54:49', 2),
(245, 8, 'win', 5.00, 'Bet won. Payout: 5.00', 244, 'completed', '2025-06-06 05:54:49', 2),
(246, 8, 'bet', 10.00, 'Bet won. Payout: 15.00', NULL, 'completed', '2025-06-06 05:54:49', 2),
(247, 8, 'bet', 10.00, '0', NULL, 'pending', '2025-06-06 05:54:49', 2),
(248, 8, 'win', 15.00, 'Bet won. Payout: 15.00', 246, 'completed', '2025-06-06 05:54:49', 2),
(249, 8, 'bet', 10.00, 'Bet won. Payout: 5.00', NULL, 'completed', '2025-06-06 05:54:49', 2),
(250, 8, 'win', 5.00, 'Bet won. Payout: 5.00', 249, 'completed', '2025-06-06 05:54:49', 2),
(251, 8, 'bet', 10.00, '0', NULL, 'pending', '2025-06-06 05:54:50', 2),
(252, 8, 'bet', 10.00, 'Bet won. Payout: 5.00', NULL, 'completed', '2025-06-06 05:54:50', 2),
(253, 8, 'bet', 10.00, '0', NULL, 'pending', '2025-06-06 05:54:50', 2),
(254, 8, 'win', 5.00, 'Bet won. Payout: 5.00', 252, 'completed', '2025-06-06 05:54:50', 2),
(255, 8, 'bet', 10.00, 'Bet won. Payout: 5.00', NULL, 'completed', '2025-06-06 05:54:50', 2),
(256, 8, 'win', 5.00, 'Bet won. Payout: 5.00', 255, 'completed', '2025-06-06 05:54:50', 2),
(257, 8, 'bet', 10.00, '0', NULL, 'pending', '2025-06-06 05:54:50', 2),
(258, 8, 'bet', 10.00, 'Bet won. Payout: 5.00', NULL, 'completed', '2025-06-06 05:54:50', 2),
(259, 8, 'win', 5.00, 'Bet won. Payout: 5.00', 258, 'completed', '2025-06-06 05:54:50', 2),
(260, 8, 'bet', 10.00, 'Bet won. Payout: 5.00', NULL, 'completed', '2025-06-06 05:54:51', 2),
(261, 8, 'win', 5.00, 'Bet won. Payout: 5.00', 260, 'completed', '2025-06-06 05:54:51', 2),
(262, 8, 'bet', 10.00, '0', NULL, 'pending', '2025-06-06 05:54:51', 2),
(263, 8, 'bet', 10.00, '0', NULL, 'pending', '2025-06-06 05:54:51', 2),
(264, 8, 'bet', 10.00, '0', NULL, 'pending', '2025-06-06 05:54:51', 2),
(265, 8, 'bet', 10.00, 'Bet won. Payout: 5.00', NULL, 'completed', '2025-06-06 05:54:51', 2),
(266, 8, 'win', 5.00, 'Bet won. Payout: 5.00', 265, 'completed', '2025-06-06 05:54:51', 2),
(267, 8, 'bet', 10.00, '0', NULL, 'pending', '2025-06-06 05:54:51', 2),
(268, 8, 'bet', 10.00, 'Bet won. Payout: 8.00', NULL, 'completed', '2025-06-06 05:54:51', 2),
(269, 8, 'win', 8.00, 'Bet won. Payout: 8.00', 268, 'completed', '2025-06-06 05:54:51', 2),
(270, 8, 'bet', 10.00, 'Bet won. Payout: 5.00', NULL, 'completed', '2025-06-06 05:54:52', 2),
(271, 8, 'win', 5.00, 'Bet won. Payout: 5.00', 270, 'completed', '2025-06-06 05:54:52', 2),
(272, 8, 'bet', 10.00, 'Bet won. Payout: 5.00', NULL, 'completed', '2025-06-06 05:54:52', 2),
(273, 8, 'win', 5.00, 'Bet won. Payout: 5.00', 272, 'completed', '2025-06-06 05:54:52', 2),
(274, 8, 'bet', 10.00, 'Bet won. Payout: 5.00', NULL, 'completed', '2025-06-06 05:54:52', 2),
(275, 8, 'win', 5.00, 'Bet won. Payout: 5.00', 274, 'completed', '2025-06-06 05:54:52', 2),
(276, 8, 'bet', 10.00, 'Bet won. Payout: 5.00', NULL, 'completed', '2025-06-06 05:54:52', 2),
(277, 8, 'win', 5.00, 'Bet won. Payout: 5.00', 276, 'completed', '2025-06-06 05:54:52', 2),
(278, 8, 'bet', 10.00, 'Bet won. Payout: 5.00', NULL, 'completed', '2025-06-06 05:54:52', 2),
(279, 8, 'win', 5.00, 'Bet won. Payout: 5.00', 278, 'completed', '2025-06-06 05:54:52', 2),
(280, 8, 'bet', 10.00, 'Bet won. Payout: 5.00', NULL, 'completed', '2025-06-06 05:54:52', 2),
(281, 8, 'win', 5.00, 'Bet won. Payout: 5.00', 280, 'completed', '2025-06-06 05:54:52', 2),
(282, 8, 'bet', 10.00, 'Bet won. Payout: 5.00', NULL, 'completed', '2025-06-06 05:54:52', 2),
(283, 8, 'win', 5.00, 'Bet won. Payout: 5.00', 282, 'completed', '2025-06-06 05:54:53', 2),
(284, 8, 'bet', 10.00, 'Bet won. Payout: 5.00', NULL, 'completed', '2025-06-06 05:54:53', 2),
(285, 8, 'win', 5.00, 'Bet won. Payout: 5.00', 284, 'completed', '2025-06-06 05:54:53', 2),
(286, 8, 'bet', 10.00, 'Bet won. Payout: 5.00', NULL, 'completed', '2025-06-06 05:54:53', 2),
(287, 8, 'win', 5.00, 'Bet won. Payout: 5.00', 286, 'completed', '2025-06-06 05:54:53', 2),
(288, 8, 'bet', 10.00, 'Bet won. Payout: 5.00', NULL, 'completed', '2025-06-06 05:54:53', 2),
(289, 8, 'win', 5.00, 'Bet won. Payout: 5.00', 288, 'completed', '2025-06-06 05:54:53', 2),
(290, 8, 'bet', 10.00, 'Bet won. Payout: 5.00', NULL, 'completed', '2025-06-06 05:54:53', 2),
(291, 8, 'win', 5.00, 'Bet won. Payout: 5.00', 290, 'completed', '2025-06-06 05:54:53', 2),
(292, 8, 'bet', 10.00, 'Bet won. Payout: 5.00', NULL, 'completed', '2025-06-06 05:54:53', 2),
(293, 8, 'win', 5.00, 'Bet won. Payout: 5.00', 292, 'completed', '2025-06-06 05:54:53', 2),
(294, 8, 'bet', 10.00, 'Bet won. Payout: 5.00', NULL, 'completed', '2025-06-06 05:54:53', 2),
(295, 8, 'win', 5.00, 'Bet won. Payout: 5.00', 294, 'completed', '2025-06-06 05:54:53', 2),
(296, 8, 'bet', 10.00, 'Bet won. Payout: 5.00', NULL, 'completed', '2025-06-06 05:54:53', 2),
(297, 8, 'win', 5.00, 'Bet won. Payout: 5.00', 296, 'completed', '2025-06-06 05:54:54', 2),
(298, 8, 'bet', 10.00, '0', NULL, 'pending', '2025-06-06 05:54:54', 2),
(299, 8, 'bet', 10.00, '0', NULL, 'pending', '2025-06-06 05:54:54', 2),
(300, 8, 'bet', 10.00, 'Bet won. Payout: 10.00', NULL, 'completed', '2025-06-06 05:54:54', 2),
(301, 8, 'win', 10.00, 'Bet won. Payout: 10.00', 300, 'completed', '2025-06-06 05:54:54', 2),
(302, 8, 'bet', 10.00, 'Bet won. Payout: 5.00', NULL, 'completed', '2025-06-06 05:54:54', 2),
(303, 8, 'win', 5.00, 'Bet won. Payout: 5.00', 302, 'completed', '2025-06-06 05:54:54', 2),
(304, 8, 'bet', 10.00, 'Bet won. Payout: 5.00', NULL, 'completed', '2025-06-06 05:54:54', 2),
(305, 8, 'win', 5.00, 'Bet won. Payout: 5.00', 304, 'completed', '2025-06-06 05:54:54', 2),
(306, 8, 'bet', 10.00, '0', NULL, 'pending', '2025-06-06 05:54:54', 2),
(307, 8, 'bet', 10.00, 'Bet won. Payout: 5.00', NULL, 'completed', '2025-06-06 05:54:54', 2),
(308, 8, 'win', 5.00, 'Bet won. Payout: 5.00', 307, 'completed', '2025-06-06 05:54:54', 2),
(309, 8, 'bet', 10.00, 'Bet won. Payout: 12.00', NULL, 'completed', '2025-06-06 05:54:55', 2),
(310, 8, 'win', 12.00, 'Bet won. Payout: 12.00', 309, 'completed', '2025-06-06 05:54:55', 2),
(311, 8, 'bet', 10.00, 'Bet won. Payout: 5.00', NULL, 'completed', '2025-06-06 05:54:55', 2),
(312, 8, 'win', 5.00, 'Bet won. Payout: 5.00', 311, 'completed', '2025-06-06 05:54:55', 2),
(313, 8, 'bet', 10.00, 'Bet won. Payout: 5.00', NULL, 'completed', '2025-06-06 05:54:55', 2),
(314, 8, 'win', 5.00, 'Bet won. Payout: 5.00', 313, 'completed', '2025-06-06 05:54:55', 2),
(315, 8, 'bet', 10.00, '0', NULL, 'pending', '2025-06-06 05:54:55', 2),
(316, 8, 'bet', 10.00, 'Bet won. Payout: 5.00', NULL, 'completed', '2025-06-06 05:54:55', 2),
(317, 8, 'win', 5.00, 'Bet won. Payout: 5.00', 316, 'completed', '2025-06-06 05:54:55', 2),
(318, 8, 'bet', 10.00, 'Bet won. Payout: 5.00', NULL, 'completed', '2025-06-06 05:54:55', 2),
(319, 8, 'bet', 10.00, '0', NULL, 'pending', '2025-06-06 05:54:55', 2),
(320, 8, 'win', 5.00, 'Bet won. Payout: 5.00', 318, 'completed', '2025-06-06 05:54:55', 2),
(321, 8, 'bet', 10.00, 'Bet won. Payout: 5.00', NULL, 'completed', '2025-06-06 05:54:55', 2),
(322, 8, 'win', 5.00, 'Bet won. Payout: 5.00', 321, 'completed', '2025-06-06 05:54:56', 2),
(323, 8, 'bet', 10.00, 'Bet won. Payout: 5.00', NULL, 'completed', '2025-06-06 05:54:56', 2),
(324, 8, 'win', 5.00, 'Bet won. Payout: 5.00', 323, 'completed', '2025-06-06 05:54:56', 2),
(325, 8, 'bet', 10.00, 'Bet won. Payout: 5.00', NULL, 'completed', '2025-06-06 05:54:56', 2),
(326, 8, 'win', 5.00, 'Bet won. Payout: 5.00', 325, 'completed', '2025-06-06 05:54:56', 2),
(327, 8, 'bet', 10.00, 'Bet won. Payout: 15.00', NULL, 'completed', '2025-06-06 05:54:56', 2),
(328, 8, 'win', 15.00, 'Bet won. Payout: 15.00', 327, 'completed', '2025-06-06 05:54:56', 2),
(329, 8, 'bet', 10.00, 'Bet won. Payout: 12.00', NULL, 'completed', '2025-06-06 05:54:56', 2),
(330, 8, 'win', 12.00, 'Bet won. Payout: 12.00', 329, 'completed', '2025-06-06 05:54:56', 2),
(331, 8, 'bet', 10.00, 'Bet won. Payout: 5.00', NULL, 'completed', '2025-06-06 05:54:56', 2),
(332, 8, 'win', 5.00, 'Bet won. Payout: 5.00', 331, 'completed', '2025-06-06 05:54:56', 2),
(333, 8, 'bet', 10.00, 'Bet won. Payout: 12.00', NULL, 'completed', '2025-06-06 05:54:56', 2),
(334, 8, 'win', 12.00, 'Bet won. Payout: 12.00', 333, 'completed', '2025-06-06 05:54:57', 2),
(335, 8, 'bet', 10.00, 'Bet won. Payout: 5.00', NULL, 'completed', '2025-06-06 05:54:57', 2),
(336, 8, 'win', 5.00, 'Bet won. Payout: 5.00', 335, 'completed', '2025-06-06 05:54:57', 2),
(337, 8, 'bet', 10.00, '0', NULL, 'pending', '2025-06-06 05:54:57', 2),
(338, 8, 'bet', 10.00, '0', NULL, 'pending', '2025-06-06 05:54:57', 2),
(339, 8, 'bet', 10.00, 'Bet won. Payout: 5.00', NULL, 'completed', '2025-06-06 05:54:57', 2),
(340, 8, 'win', 5.00, 'Bet won. Payout: 5.00', 339, 'completed', '2025-06-06 05:54:57', 2),
(341, 8, 'bet', 10.00, 'Bet won. Payout: 5.00', NULL, 'completed', '2025-06-06 05:54:57', 2),
(342, 8, 'win', 5.00, 'Bet won. Payout: 5.00', 341, 'completed', '2025-06-06 05:54:57', 2),
(343, 8, 'bet', 10.00, '0', NULL, 'pending', '2025-06-06 05:54:57', 2),
(344, 8, 'bet', 10.00, 'Bet won. Payout: 8.00', NULL, 'completed', '2025-06-06 05:54:58', 2),
(345, 8, 'win', 8.00, 'Bet won. Payout: 8.00', 344, 'completed', '2025-06-06 05:54:58', 2),
(346, 8, 'bet', 10.00, 'Bet won. Payout: 5.00', NULL, 'completed', '2025-06-06 05:54:58', 2),
(347, 8, 'win', 5.00, 'Bet won. Payout: 5.00', 346, 'completed', '2025-06-06 05:54:58', 2),
(348, 8, 'bet', 10.00, '0', NULL, 'pending', '2025-06-06 05:54:58', 2),
(349, 8, 'bet', 10.00, 'Bet won. Payout: 8.00', NULL, 'completed', '2025-06-06 05:54:58', 2),
(350, 8, 'win', 8.00, 'Bet won. Payout: 8.00', 349, 'completed', '2025-06-06 05:54:58', 2),
(351, 8, 'bet', 10.00, 'Bet won. Payout: 5.00', NULL, 'completed', '2025-06-06 05:54:58', 2),
(352, 8, 'win', 5.00, 'Bet won. Payout: 5.00', 351, 'completed', '2025-06-06 05:54:58', 2),
(353, 8, 'bet', 10.00, '0', NULL, 'pending', '2025-06-06 05:54:58', 2),
(354, 8, 'bet', 10.00, '0', NULL, 'pending', '2025-06-06 05:54:58', 2),
(355, 8, 'bet', 10.00, 'Bet won. Payout: 5.00', NULL, 'completed', '2025-06-06 05:54:59', 2),
(356, 8, 'win', 5.00, 'Bet won. Payout: 5.00', 355, 'completed', '2025-06-06 05:54:59', 2),
(357, 8, 'bet', 10.00, '0', NULL, 'pending', '2025-06-06 05:54:59', 2),
(358, 8, 'bet', 10.00, '0', NULL, 'pending', '2025-06-06 05:54:59', 2),
(359, 8, 'bet', 10.00, 'Bet won. Payout: 12.00', NULL, 'completed', '2025-06-06 05:54:59', 2),
(360, 8, 'bet', 10.00, '0', NULL, 'pending', '2025-06-06 05:54:59', 2),
(361, 8, 'win', 12.00, 'Bet won. Payout: 12.00', 359, 'completed', '2025-06-06 05:54:59', 2),
(362, 8, 'bet', 10.00, 'Bet won. Payout: 5.00', NULL, 'completed', '2025-06-06 05:54:59', 2),
(363, 8, 'bet', 10.00, '0', NULL, 'pending', '2025-06-06 05:55:00', 2),
(364, 8, 'win', 5.00, 'Bet won. Payout: 5.00', 362, 'completed', '2025-06-06 05:55:00', 2),
(365, 8, 'bet', 10.00, 'Bet won. Payout: 5.00', NULL, 'completed', '2025-06-06 05:55:00', 2),
(366, 8, 'win', 5.00, 'Bet won. Payout: 5.00', 365, 'completed', '2025-06-06 05:55:00', 2),
(367, 8, 'bet', 10.00, 'Bet won. Payout: 5.00', NULL, 'completed', '2025-06-06 05:55:00', 2),
(368, 8, 'win', 5.00, 'Bet won. Payout: 5.00', 367, 'completed', '2025-06-06 05:55:00', 2),
(369, 8, 'bet', 10.00, 'Bet won. Payout: 5.00', NULL, 'completed', '2025-06-06 05:55:00', 2),
(370, 8, 'win', 5.00, 'Bet won. Payout: 5.00', 369, 'completed', '2025-06-06 05:55:00', 2),
(371, 8, 'bet', 10.00, 'Bet won. Payout: 5.00', NULL, 'completed', '2025-06-06 05:55:00', 2),
(372, 8, 'win', 5.00, 'Bet won. Payout: 5.00', 371, 'completed', '2025-06-06 05:55:00', 2),
(373, 8, 'bet', 10.00, '0', NULL, 'pending', '2025-06-06 05:55:00', 2),
(374, 8, 'bet', 10.00, 'Bet won. Payout: 5.00', NULL, 'completed', '2025-06-06 05:55:00', 2),
(375, 8, 'win', 5.00, 'Bet won. Payout: 5.00', 374, 'completed', '2025-06-06 05:55:01', 2),
(376, 8, 'bet', 10.00, 'Bet won. Payout: 8.00', NULL, 'completed', '2025-06-06 05:55:01', 2),
(377, 8, 'win', 8.00, 'Bet won. Payout: 8.00', 376, 'completed', '2025-06-06 05:55:01', 2),
(378, 8, 'bet', 10.00, '0', NULL, 'pending', '2025-06-06 05:55:01', 2),
(379, 8, 'bet', 10.00, 'Bet won. Payout: 5.00', NULL, 'completed', '2025-06-06 05:55:01', 2),
(380, 8, 'win', 5.00, 'Bet won. Payout: 5.00', 379, 'completed', '2025-06-06 05:55:01', 2),
(381, 8, 'bet', 10.00, 'Bet won. Payout: 5.00', NULL, 'completed', '2025-06-06 05:55:01', 2),
(382, 8, 'win', 5.00, 'Bet won. Payout: 5.00', 381, 'completed', '2025-06-06 05:55:01', 2),
(383, 8, 'bet', 10.00, 'Bet won. Payout: 5.00', NULL, 'completed', '2025-06-06 05:55:01', 2),
(384, 8, 'win', 5.00, 'Bet won. Payout: 5.00', 383, 'completed', '2025-06-06 05:55:01', 2),
(385, 8, 'bet', 10.00, '0', NULL, 'pending', '2025-06-06 05:55:01', 2),
(386, 8, 'bet', 10.00, 'Bet won. Payout: 5.00', NULL, 'completed', '2025-06-06 05:55:02', 2),
(387, 8, 'win', 5.00, 'Bet won. Payout: 5.00', 386, 'completed', '2025-06-06 05:55:02', 2),
(388, 8, 'bet', 10.00, 'Bet won. Payout: 5.00', NULL, 'completed', '2025-06-06 05:55:02', 2),
(389, 8, 'win', 5.00, 'Bet won. Payout: 5.00', 388, 'completed', '2025-06-06 05:55:02', 2),
(390, 8, 'bet', 10.00, 'Bet won. Payout: 5.00', NULL, 'completed', '2025-06-06 05:55:02', 2),
(391, 8, 'win', 5.00, 'Bet won. Payout: 5.00', 390, 'completed', '2025-06-06 05:55:02', 2),
(392, 8, 'bet', 10.00, 'Bet won. Payout: 5.00', NULL, 'completed', '2025-06-06 05:55:02', 2),
(393, 8, 'win', 5.00, 'Bet won. Payout: 5.00', 392, 'completed', '2025-06-06 05:55:02', 2),
(394, 8, 'bet', 10.00, 'Bet won. Payout: 5.00', NULL, 'completed', '2025-06-06 05:55:02', 2),
(395, 8, 'win', 5.00, 'Bet won. Payout: 5.00', 394, 'completed', '2025-06-06 05:55:02', 2),
(396, 8, 'bet', 10.00, 'Bet won. Payout: 5.00', NULL, 'completed', '2025-06-06 05:55:02', 2),
(397, 8, 'win', 5.00, 'Bet won. Payout: 5.00', 396, 'completed', '2025-06-06 05:55:02', 2),
(398, 8, 'bet', 10.00, 'Bet won. Payout: 5.00', NULL, 'completed', '2025-06-06 05:55:03', 2),
(399, 8, 'win', 5.00, 'Bet won. Payout: 5.00', 398, 'completed', '2025-06-06 05:55:03', 2),
(400, 8, 'bet', 10.00, 'Bet won. Payout: 5.00', NULL, 'completed', '2025-06-06 05:55:03', 2),
(401, 8, 'win', 5.00, 'Bet won. Payout: 5.00', 400, 'completed', '2025-06-06 05:55:03', 2),
(402, 8, 'bet', 10.00, '0', NULL, 'pending', '2025-06-06 05:55:03', 2),
(403, 8, 'bet', 10.00, 'Bet won. Payout: 10.00', NULL, 'completed', '2025-06-06 05:55:03', 2),
(404, 8, 'win', 10.00, 'Bet won. Payout: 10.00', 403, 'completed', '2025-06-06 05:55:03', 2),
(405, 8, 'bet', 10.00, 'Bet won. Payout: 5.00', NULL, 'completed', '2025-06-06 05:55:03', 2),
(406, 8, 'win', 5.00, 'Bet won. Payout: 5.00', 405, 'completed', '2025-06-06 05:55:03', 2),
(407, 8, 'bet', 10.00, '0', NULL, 'pending', '2025-06-06 05:55:03', 2),
(408, 8, 'bet', 10.00, '0', NULL, 'pending', '2025-06-06 05:55:03', 2),
(409, 8, 'bet', 10.00, 'Bet won. Payout: 5.00', NULL, 'completed', '2025-06-06 05:55:04', 2),
(410, 8, 'win', 5.00, 'Bet won. Payout: 5.00', 409, 'completed', '2025-06-06 05:55:04', 2),
(411, 8, 'bet', 10.00, '0', NULL, 'pending', '2025-06-06 05:55:04', 2),
(412, 8, 'bet', 10.00, 'Bet won. Payout: 5.00', NULL, 'completed', '2025-06-06 05:55:04', 2),
(413, 8, 'win', 5.00, 'Bet won. Payout: 5.00', 412, 'completed', '2025-06-06 05:55:04', 2),
(414, 8, 'bet', 10.00, 'Bet won. Payout: 15.00', NULL, 'completed', '2025-06-06 05:55:04', 2),
(415, 8, 'win', 15.00, 'Bet won. Payout: 15.00', 414, 'completed', '2025-06-06 05:55:04', 2),
(416, 8, 'bet', 10.00, 'Bet won. Payout: 5.00', NULL, 'completed', '2025-06-06 05:55:04', 2),
(417, 8, 'bet', 10.00, '0', NULL, 'pending', '2025-06-06 05:55:04', 2),
(418, 8, 'win', 5.00, 'Bet won. Payout: 5.00', 416, 'completed', '2025-06-06 05:55:04', 2),
(419, 8, 'bet', 10.00, 'Bet won. Payout: 5.00', NULL, 'completed', '2025-06-06 05:55:05', 2),
(420, 8, 'bet', 10.00, '0', NULL, 'pending', '2025-06-06 05:55:05', 2),
(421, 8, 'win', 5.00, 'Bet won. Payout: 5.00', 419, 'completed', '2025-06-06 05:55:05', 2),
(422, 8, 'bet', 10.00, 'Bet won. Payout: 5.00', NULL, 'completed', '2025-06-06 05:55:05', 2),
(423, 8, 'win', 5.00, 'Bet won. Payout: 5.00', 422, 'completed', '2025-06-06 05:55:05', 2),
(424, 8, 'bet', 10.00, '0', NULL, 'pending', '2025-06-06 05:55:05', 2),
(425, 8, 'bet', 10.00, '0', NULL, 'pending', '2025-06-06 05:55:05', 2),
(426, 8, 'bet', 10.00, 'Bet won. Payout: 5.00', NULL, 'completed', '2025-06-06 05:55:05', 2),
(427, 8, 'win', 5.00, 'Bet won. Payout: 5.00', 426, 'completed', '2025-06-06 05:55:05', 2),
(428, 8, 'bet', 10.00, '0', NULL, 'pending', '2025-06-06 05:55:05', 2),
(429, 8, 'bet', 10.00, 'Bet won. Payout: 10.00', NULL, 'completed', '2025-06-06 05:55:06', 2),
(430, 8, 'win', 10.00, 'Bet won. Payout: 10.00', 429, 'completed', '2025-06-06 05:55:06', 2),
(431, 8, 'bet', 10.00, 'Bet won. Payout: 10.00', NULL, 'completed', '2025-06-06 05:55:06', 2),
(432, 8, 'win', 10.00, 'Bet won. Payout: 10.00', 431, 'completed', '2025-06-06 05:55:06', 2),
(433, 8, 'bet', 10.00, 'Bet won. Payout: 5.00', NULL, 'completed', '2025-06-06 05:55:06', 2),
(434, 8, 'win', 5.00, 'Bet won. Payout: 5.00', 433, 'completed', '2025-06-06 05:55:06', 2),
(435, 8, 'bet', 10.00, 'Bet won. Payout: 5.00', NULL, 'completed', '2025-06-06 05:55:06', 2),
(436, 8, 'win', 5.00, 'Bet won. Payout: 5.00', 435, 'completed', '2025-06-06 05:55:06', 2),
(437, 8, 'bet', 10.00, 'Bet won. Payout: 5.00', NULL, 'completed', '2025-06-06 05:55:06', 2),
(438, 8, 'win', 5.00, 'Bet won. Payout: 5.00', 437, 'completed', '2025-06-06 05:55:06', 2),
(439, 8, 'bet', 10.00, '0', NULL, 'pending', '2025-06-06 05:55:06', 2),
(440, 8, 'bet', 10.00, 'Bet won. Payout: 5.00', NULL, 'completed', '2025-06-06 05:55:07', 2),
(441, 8, 'win', 5.00, 'Bet won. Payout: 5.00', 440, 'completed', '2025-06-06 05:55:07', 2),
(442, 8, 'bet', 10.00, '0', NULL, 'pending', '2025-06-06 05:55:07', 2),
(443, 8, 'bet', 10.00, 'Bet won. Payout: 10.00', NULL, 'completed', '2025-06-06 05:55:07', 2),
(444, 8, 'bet', 10.00, '0', NULL, 'pending', '2025-06-06 05:55:07', 2),
(445, 8, 'win', 10.00, 'Bet won. Payout: 10.00', 443, 'completed', '2025-06-06 05:55:07', 2),
(446, 8, 'bet', 10.00, 'Bet won. Payout: 5.00', NULL, 'completed', '2025-06-06 05:55:07', 2),
(447, 8, 'win', 5.00, 'Bet won. Payout: 5.00', 446, 'completed', '2025-06-06 05:55:07', 2),
(448, 8, 'bet', 10.00, 'Bet won. Payout: 5.00', NULL, 'completed', '2025-06-06 05:55:07', 2),
(449, 8, 'win', 5.00, 'Bet won. Payout: 5.00', 448, 'completed', '2025-06-06 05:55:07', 2),
(450, 8, 'bet', 10.00, 'Bet won. Payout: 5.00', NULL, 'completed', '2025-06-06 05:55:07', 2),
(451, 8, 'win', 5.00, 'Bet won. Payout: 5.00', 450, 'completed', '2025-06-06 05:55:08', 2),
(452, 8, 'bet', 10.00, 'Bet won. Payout: 5.00', NULL, 'completed', '2025-06-06 05:55:08', 2),
(453, 8, 'win', 5.00, 'Bet won. Payout: 5.00', 452, 'completed', '2025-06-06 05:55:08', 2),
(454, 8, 'bet', 10.00, 'Bet won. Payout: 5.00', NULL, 'completed', '2025-06-06 05:55:08', 2),
(455, 8, 'win', 5.00, 'Bet won. Payout: 5.00', 454, 'completed', '2025-06-06 05:55:08', 2),
(456, 8, 'bet', 10.00, '0', NULL, 'pending', '2025-06-06 05:55:08', 2),
(457, 8, 'bet', 10.00, '0', NULL, 'pending', '2025-06-06 05:55:08', 2),
(458, 8, 'bet', 10.00, 'Bet won. Payout: 5.00', NULL, 'completed', '2025-06-06 05:55:08', 2),
(459, 8, 'win', 5.00, 'Bet won. Payout: 5.00', 458, 'completed', '2025-06-06 05:55:08', 2),
(460, 8, 'bet', 10.00, 'Bet won. Payout: 15.00', NULL, 'completed', '2025-06-06 05:55:08', 2),
(461, 8, 'win', 15.00, 'Bet won. Payout: 15.00', 460, 'completed', '2025-06-06 05:55:09', 2),
(462, 8, 'bet', 10.00, 'Bet won. Payout: 5.00', NULL, 'completed', '2025-06-06 05:55:09', 2),
(463, 8, 'win', 5.00, 'Bet won. Payout: 5.00', 462, 'completed', '2025-06-06 05:55:09', 2),
(464, 8, 'bet', 10.00, '0', NULL, 'pending', '2025-06-06 05:55:09', 2),
(465, 8, 'bet', 10.00, 'Bet won. Payout: 15.00', NULL, 'completed', '2025-06-06 05:55:09', 2),
(466, 8, 'win', 15.00, 'Bet won. Payout: 15.00', 465, 'completed', '2025-06-06 05:55:09', 2),
(467, 8, 'bet', 10.00, 'Bet won. Payout: 5.00', NULL, 'completed', '2025-06-06 05:55:09', 2),
(468, 8, 'win', 5.00, 'Bet won. Payout: 5.00', 467, 'completed', '2025-06-06 05:55:09', 2),
(469, 8, 'bet', 10.00, 'Bet won. Payout: 5.00', NULL, 'completed', '2025-06-06 05:55:09', 2),
(470, 8, 'win', 5.00, 'Bet won. Payout: 5.00', 469, 'completed', '2025-06-06 05:55:09', 2),
(471, 8, 'bet', 10.00, 'Bet won. Payout: 5.00', NULL, 'completed', '2025-06-06 05:55:09', 2),
(472, 8, 'win', 5.00, 'Bet won. Payout: 5.00', 471, 'completed', '2025-06-06 05:55:09', 2),
(473, 8, 'bet', 10.00, 'Bet won. Payout: 5.00', NULL, 'completed', '2025-06-06 05:55:10', 2),
(474, 8, 'win', 5.00, 'Bet won. Payout: 5.00', 473, 'completed', '2025-06-06 05:55:10', 2),
(475, 8, 'bet', 10.00, '0', NULL, 'pending', '2025-06-06 05:55:10', 2),
(476, 8, 'bet', 10.00, 'Bet won. Payout: 12.00', NULL, 'completed', '2025-06-06 05:55:10', 2),
(477, 8, 'win', 12.00, 'Bet won. Payout: 12.00', 476, 'completed', '2025-06-06 05:55:10', 2),
(478, 8, 'bet', 10.00, '0', NULL, 'pending', '2025-06-06 05:55:10', 2),
(479, 8, 'bet', 10.00, 'Bet won. Payout: 12.00', NULL, 'completed', '2025-06-06 05:55:10', 2),
(480, 8, 'win', 12.00, 'Bet won. Payout: 12.00', 479, 'completed', '2025-06-06 05:55:10', 2),
(481, 8, 'bet', 10.00, 'Bet won. Payout: 5.00', NULL, 'completed', '2025-06-06 05:55:10', 2),
(482, 8, 'win', 5.00, 'Bet won. Payout: 5.00', 481, 'completed', '2025-06-06 05:55:10', 2),
(483, 8, 'bet', 10.00, '0', NULL, 'pending', '2025-06-06 05:55:11', 2),
(484, 8, 'bet', 10.00, 'Bet won. Payout: 5.00', NULL, 'completed', '2025-06-06 05:55:11', 2),
(485, 8, 'win', 5.00, 'Bet won. Payout: 5.00', 484, 'completed', '2025-06-06 05:55:11', 2),
(486, 8, 'bet', 10.00, '0', NULL, 'pending', '2025-06-06 05:55:11', 2),
(487, 8, 'bet', 10.00, 'Bet won. Payout: 12.00', NULL, 'completed', '2025-06-06 05:55:11', 2),
(488, 8, 'win', 12.00, 'Bet won. Payout: 12.00', 487, 'completed', '2025-06-06 05:55:11', 2),
(489, 8, 'bet', 10.00, 'Bet won. Payout: 10.00', NULL, 'completed', '2025-06-06 05:55:11', 2),
(490, 8, 'win', 10.00, 'Bet won. Payout: 10.00', 489, 'completed', '2025-06-06 05:55:11', 2),
(491, 8, 'bet', 10.00, 'Bet won. Payout: 5.00', NULL, 'completed', '2025-06-06 05:55:11', 2),
(492, 8, 'win', 5.00, 'Bet won. Payout: 5.00', 491, 'completed', '2025-06-06 05:55:11', 2),
(493, 8, 'bet', 10.00, 'Bet won. Payout: 5.00', NULL, 'completed', '2025-06-06 05:55:11', 2),
(494, 8, 'win', 5.00, 'Bet won. Payout: 5.00', 493, 'completed', '2025-06-06 05:55:12', 2),
(495, 8, 'bet', 10.00, '0', NULL, 'pending', '2025-06-06 05:55:12', 2),
(496, 8, 'bet', 10.00, 'Bet won. Payout: 5.00', NULL, 'completed', '2025-06-06 05:55:12', 2),
(497, 8, 'win', 5.00, 'Bet won. Payout: 5.00', 496, 'completed', '2025-06-06 05:55:12', 2),
(498, 8, 'bet', 10.00, 'Bet won. Payout: 5.00', NULL, 'completed', '2025-06-06 05:55:12', 2),
(499, 8, 'win', 5.00, 'Bet won. Payout: 5.00', 498, 'completed', '2025-06-06 05:55:12', 2),
(500, 8, 'bet', 10.00, '0', NULL, 'pending', '2025-06-06 05:55:12', 2),
(501, 8, 'bet', 10.00, '0', NULL, 'pending', '2025-06-06 05:55:12', 2),
(502, 8, 'bet', 10.00, 'Bet won. Payout: 5.00', NULL, 'completed', '2025-06-06 05:55:12', 2),
(503, 8, 'win', 5.00, 'Bet won. Payout: 5.00', 502, 'completed', '2025-06-06 05:55:13', 2),
(504, 8, 'bet', 10.00, 'Bet won. Payout: 5.00', NULL, 'completed', '2025-06-06 05:55:13', 2),
(505, 8, 'bet', 10.00, '0', NULL, 'pending', '2025-06-06 05:55:13', 2),
(506, 8, 'win', 5.00, 'Bet won. Payout: 5.00', 504, 'completed', '2025-06-06 05:55:13', 2),
(507, 8, 'bet', 10.00, 'Bet won. Payout: 8.00', NULL, 'completed', '2025-06-06 05:55:13', 2),
(508, 8, 'win', 8.00, 'Bet won. Payout: 8.00', 507, 'completed', '2025-06-06 05:55:13', 2),
(509, 8, 'bet', 10.00, 'Bet won. Payout: 12.00', NULL, 'completed', '2025-06-06 05:55:13', 2),
(510, 8, 'win', 12.00, 'Bet won. Payout: 12.00', 509, 'completed', '2025-06-06 05:55:13', 2),
(511, 8, 'bet', 10.00, 'Bet won. Payout: 5.00', NULL, 'completed', '2025-06-06 05:55:13', 2),
(512, 8, 'win', 5.00, 'Bet won. Payout: 5.00', 511, 'completed', '2025-06-06 05:55:13', 2),
(513, 8, 'bet', 10.00, '0', NULL, 'pending', '2025-06-06 05:55:13', 2),
(514, 8, 'bet', 10.00, 'Bet won. Payout: 5.00', NULL, 'completed', '2025-06-06 05:55:14', 2),
(515, 8, 'win', 5.00, 'Bet won. Payout: 5.00', 514, 'completed', '2025-06-06 05:55:14', 2),
(516, 8, 'bet', 10.00, 'Bet won. Payout: 5.00', NULL, 'completed', '2025-06-06 05:55:14', 2),
(517, 8, 'win', 5.00, 'Bet won. Payout: 5.00', 516, 'completed', '2025-06-06 05:55:14', 2),
(518, 8, 'bet', 10.00, 'Bet won. Payout: 5.00', NULL, 'completed', '2025-06-06 05:55:14', 2),
(519, 8, 'win', 5.00, 'Bet won. Payout: 5.00', 518, 'completed', '2025-06-06 05:55:14', 2),
(520, 8, 'bet', 10.00, 'Bet won. Payout: 5.00', NULL, 'completed', '2025-06-06 05:55:14', 2),
(521, 8, 'win', 5.00, 'Bet won. Payout: 5.00', 520, 'completed', '2025-06-06 05:55:14', 2),
(522, 8, 'bet', 10.00, 'Bet won. Payout: 5.00', NULL, 'completed', '2025-06-06 05:55:14', 2),
(523, 8, 'win', 5.00, 'Bet won. Payout: 5.00', 522, 'completed', '2025-06-06 05:55:14', 2),
(524, 8, 'bet', 10.00, 'Bet won. Payout: 5.00', NULL, 'completed', '2025-06-06 05:55:14', 2),
(525, 8, 'win', 5.00, 'Bet won. Payout: 5.00', 524, 'completed', '2025-06-06 05:55:14', 2),
(526, 8, 'bet', 10.00, 'Bet won. Payout: 5.00', NULL, 'completed', '2025-06-06 05:55:14', 2),
(527, 8, 'win', 5.00, 'Bet won. Payout: 5.00', 526, 'completed', '2025-06-06 05:55:15', 2),
(528, 8, 'bet', 10.00, 'Bet won. Payout: 5.00', NULL, 'completed', '2025-06-06 05:55:15', 2),
(529, 8, 'win', 5.00, 'Bet won. Payout: 5.00', 528, 'completed', '2025-06-06 05:55:15', 2),
(530, 8, 'bet', 10.00, '0', NULL, 'pending', '2025-06-06 05:55:15', 2),
(531, 8, 'bet', 10.00, 'Bet won. Payout: 8.00', NULL, 'completed', '2025-06-06 05:55:15', 2),
(532, 8, 'win', 8.00, 'Bet won. Payout: 8.00', 531, 'completed', '2025-06-06 05:55:15', 2),
(533, 8, 'bet', 10.00, 'Bet won. Payout: 5.00', NULL, 'completed', '2025-06-06 05:55:15', 2),
(534, 8, 'win', 5.00, 'Bet won. Payout: 5.00', 533, 'completed', '2025-06-06 05:55:15', 2),
(535, 8, 'bet', 10.00, 'Bet won. Payout: 5.00', NULL, 'completed', '2025-06-06 05:55:15', 2),
(536, 8, 'win', 5.00, 'Bet won. Payout: 5.00', 535, 'completed', '2025-06-06 05:55:15', 2),
(537, 8, 'bet', 10.00, 'Bet won. Payout: 5.00', NULL, 'completed', '2025-06-06 05:55:15', 2),
(538, 8, 'win', 5.00, 'Bet won. Payout: 5.00', 537, 'completed', '2025-06-06 05:55:16', 2),
(539, 8, 'bet', 10.00, 'Bet won. Payout: 5.00', NULL, 'completed', '2025-06-06 05:55:16', 2),
(540, 8, 'win', 5.00, 'Bet won. Payout: 5.00', 539, 'completed', '2025-06-06 05:55:16', 2),
(541, 8, 'bet', 10.00, '0', NULL, 'pending', '2025-06-06 05:55:16', 2),
(542, 8, 'bet', 10.00, 'Bet won. Payout: 5.00', NULL, 'completed', '2025-06-06 05:55:16', 2),
(543, 8, 'bet', 10.00, '0', NULL, 'pending', '2025-06-06 05:55:16', 2),
(544, 8, 'win', 5.00, 'Bet won. Payout: 5.00', 542, 'completed', '2025-06-06 05:55:16', 2),
(545, 8, 'bet', 10.00, 'Bet won. Payout: 5.00', NULL, 'completed', '2025-06-06 05:55:16', 2),
(546, 8, 'win', 5.00, 'Bet won. Payout: 5.00', 545, 'completed', '2025-06-06 05:55:16', 2),
(547, 8, 'bet', 10.00, 'Bet won. Payout: 15.00', NULL, 'completed', '2025-06-06 05:55:16', 2),
(548, 8, 'win', 15.00, 'Bet won. Payout: 15.00', 547, 'completed', '2025-06-06 05:55:17', 2),
(549, 8, 'bet', 10.00, '0', NULL, 'pending', '2025-06-06 05:55:18', 2),
(550, 8, 'bet', 10.00, '0', NULL, 'pending', '2025-06-06 05:55:18', 2),
(551, 8, 'bet', 10.00, '0', NULL, 'pending', '2025-06-06 05:55:19', 2),
(552, 8, 'bet', 10.00, '0', NULL, 'pending', '2025-06-06 05:55:19', 2),
(553, 8, 'bet', 10.00, 'Bet won. Payout: 5.00', NULL, 'completed', '2025-06-06 05:55:19', 2),
(554, 8, 'bet', 10.00, '0', NULL, 'pending', '2025-06-06 05:55:19', 2),
(555, 8, 'win', 5.00, 'Bet won. Payout: 5.00', 553, 'completed', '2025-06-06 05:55:19', 2),
(556, 8, 'bet', 10.00, '0', NULL, 'pending', '2025-06-06 05:55:19', 2),
(557, 8, 'bet', 10.00, 'Bet won. Payout: 5.00', NULL, 'completed', '2025-06-06 05:55:20', 2),
(558, 8, 'win', 5.00, 'Bet won. Payout: 5.00', 557, 'completed', '2025-06-06 05:55:20', 2),
(559, 8, 'bet', 10.00, 'Bet won. Payout: 15.00', NULL, 'completed', '2025-06-06 05:55:20', 2),
(560, 8, 'win', 15.00, 'Bet won. Payout: 15.00', 559, 'completed', '2025-06-06 05:55:20', 2),
(561, 8, 'bet', 10.00, '0', NULL, 'pending', '2025-06-06 05:55:20', 2),
(562, 8, 'bet', 10.00, 'Bet won. Payout: 5.00', NULL, 'completed', '2025-06-06 05:55:20', 2),
(563, 8, 'win', 5.00, 'Bet won. Payout: 5.00', 562, 'completed', '2025-06-06 05:55:20', 2),
(564, 8, 'bet', 10.00, 'Bet won. Payout: 5.00', NULL, 'completed', '2025-06-06 05:55:20', 2),
(565, 8, 'win', 5.00, 'Bet won. Payout: 5.00', 564, 'completed', '2025-06-06 05:55:20', 2),
(566, 8, 'bet', 10.00, '0', NULL, 'pending', '2025-06-06 05:55:20', 2),
(567, 8, 'bet', 10.00, '0', NULL, 'pending', '2025-06-06 05:55:20', 2),
(568, 8, 'bet', 10.00, 'Bet won. Payout: 12.00', NULL, 'completed', '2025-06-06 05:55:21', 2),
(569, 8, 'win', 12.00, 'Bet won. Payout: 12.00', 568, 'completed', '2025-06-06 05:55:21', 2),
(570, 8, 'bet', 10.00, 'Bet won. Payout: 12.00', NULL, 'completed', '2025-06-06 05:55:21', 2),
(571, 8, 'win', 12.00, 'Bet won. Payout: 12.00', 570, 'completed', '2025-06-06 05:55:21', 2),
(572, 8, 'bet', 10.00, 'Bet won. Payout: 5.00', NULL, 'completed', '2025-06-06 05:55:21', 2),
(573, 8, 'win', 5.00, 'Bet won. Payout: 5.00', 572, 'completed', '2025-06-06 05:55:21', 2),
(574, 8, 'bet', 10.00, '0', NULL, 'pending', '2025-06-06 05:55:21', 2),
(575, 8, 'bet', 10.00, '0', NULL, 'pending', '2025-06-06 05:55:21', 2),
(576, 8, 'bet', 10.00, 'Bet won. Payout: 12.00', NULL, 'completed', '2025-06-06 05:55:21', 2),
(577, 8, 'win', 12.00, 'Bet won. Payout: 12.00', 576, 'completed', '2025-06-06 05:55:21', 2),
(578, 8, 'bet', 10.00, 'Bet won. Payout: 5.00', NULL, 'completed', '2025-06-06 05:55:22', 2),
(579, 8, 'win', 5.00, 'Bet won. Payout: 5.00', 578, 'completed', '2025-06-06 05:55:22', 2),
(580, 8, 'bet', 10.00, 'Bet won. Payout: 12.00', NULL, 'completed', '2025-06-06 06:17:12', 2),
(581, 8, 'win', 12.00, 'Bet won. Payout: 12.00', 580, 'completed', '2025-06-06 06:17:14', 2),
(582, 8, 'bet', 10.00, 'Bet won. Payout: 5.00', NULL, 'completed', '2025-06-06 06:17:18', 2),
(583, 8, 'win', 5.00, 'Bet won. Payout: 5.00', 582, 'completed', '2025-06-06 06:17:19', 2),
(584, 8, 'bet', 10.00, 'Bet won. Payout: 5.00', NULL, 'completed', '2025-06-06 06:17:24', 2),
(585, 8, 'win', 5.00, 'Bet won. Payout: 5.00', 584, 'completed', '2025-06-06 06:17:25', 2),
(586, 8, 'bet', 10.00, 'Bet won. Payout: 5.00', NULL, 'completed', '2025-06-06 06:17:26', 2),
(587, 8, 'win', 5.00, 'Bet won. Payout: 5.00', 586, 'completed', '2025-06-06 06:17:27', 2),
(588, 8, 'bet', 10.00, 'Bet won. Payout: 5.00', NULL, 'completed', '2025-06-06 06:17:29', 2),
(589, 8, 'win', 5.00, 'Bet won. Payout: 5.00', 588, 'completed', '2025-06-06 06:17:30', 2),
(590, 8, 'bet', 10.00, '0', NULL, 'pending', '2025-06-06 06:17:32', 2),
(591, 8, 'bet', 10.00, '0', NULL, 'pending', '2025-06-06 06:17:32', 2),
(592, 8, 'bet', 10.00, '0', NULL, 'pending', '2025-06-06 06:17:32', 2),
(593, 8, 'bet', 10.00, '0', NULL, 'pending', '2025-06-06 06:17:32', 2),
(594, 8, 'bet', 10.00, '0', NULL, 'pending', '2025-06-06 06:17:32', 2),
(595, 8, 'bet', 10.00, '0', NULL, 'pending', '2025-06-06 06:17:32', 2),
(596, 8, 'bet', 10.00, '0', NULL, 'pending', '2025-06-06 06:17:32', 2),
(597, 8, 'bet', 10.00, '0', NULL, 'pending', '2025-06-06 06:17:33', 2),
(598, 8, 'bet', 10.00, 'Bet won. Payout: 5.00', NULL, 'completed', '2025-06-06 06:17:33', 2),
(599, 8, 'win', 5.00, 'Bet won. Payout: 5.00', 598, 'completed', '2025-06-06 06:17:33', 2),
(600, 8, 'bet', 10.00, 'Bet won. Payout: 5.00', NULL, 'completed', '2025-06-06 06:17:33', 2),
(601, 8, 'win', 5.00, 'Bet won. Payout: 5.00', 600, 'completed', '2025-06-06 06:17:33', 2),
(602, 8, 'bet', 10.00, 'Bet won. Payout: 5.00', NULL, 'completed', '2025-06-06 06:17:33', 2),
(603, 8, 'win', 5.00, 'Bet won. Payout: 5.00', 602, 'completed', '2025-06-06 06:17:33', 2),
(604, 8, 'bet', 10.00, 'Bet won. Payout: 5.00', NULL, 'completed', '2025-06-06 06:17:33', 2),
(605, 8, 'win', 5.00, 'Bet won. Payout: 5.00', 604, 'completed', '2025-06-06 06:17:33', 2),
(606, 8, 'bet', 10.00, 'Bet won. Payout: 5.00', NULL, 'completed', '2025-06-06 06:17:33', 2),
(607, 8, 'win', 5.00, 'Bet won. Payout: 5.00', 606, 'completed', '2025-06-06 06:17:33', 2),
(608, 8, 'bet', 10.00, '0', NULL, 'pending', '2025-06-06 06:17:33', 2),
(609, 8, 'bet', 10.00, 'Bet won. Payout: 5.00', NULL, 'completed', '2025-06-06 06:17:33', 2),
(610, 8, 'win', 5.00, 'Bet won. Payout: 5.00', 609, 'completed', '2025-06-06 06:17:33', 2),
(611, 8, 'bet', 10.00, 'Bet won. Payout: 5.00', NULL, 'completed', '2025-06-06 06:17:34', 2),
(612, 8, 'win', 5.00, 'Bet won. Payout: 5.00', 611, 'completed', '2025-06-06 06:17:34', 2),
(613, 8, 'bet', 10.00, 'Bet won. Payout: 5.00', NULL, 'completed', '2025-06-06 06:17:34', 2),
(614, 8, 'win', 5.00, 'Bet won. Payout: 5.00', 613, 'completed', '2025-06-06 06:17:34', 2),
(615, 8, 'bet', 10.00, 'Bet won. Payout: 5.00', NULL, 'completed', '2025-06-06 06:17:34', 2),
(616, 8, 'win', 5.00, 'Bet won. Payout: 5.00', 615, 'completed', '2025-06-06 06:17:34', 2);
INSERT INTO `transactions` (`id`, `user_id`, `type`, `amount`, `description`, `reference_id`, `status`, `created_at`, `game_id`) VALUES
(617, 8, 'bet', 10.00, 'Bet won. Payout: 5.00', NULL, 'completed', '2025-06-06 06:17:34', 2),
(618, 8, 'win', 5.00, 'Bet won. Payout: 5.00', 617, 'completed', '2025-06-06 06:17:34', 2),
(619, 8, 'bet', 10.00, 'Bet won. Payout: 5.00', NULL, 'completed', '2025-06-06 06:17:35', 2),
(620, 8, 'win', 5.00, 'Bet won. Payout: 5.00', 619, 'completed', '2025-06-06 06:17:35', 2),
(621, 8, 'bet', 10.00, 'Bet won. Payout: 5.00', NULL, 'completed', '2025-06-06 06:17:35', 2),
(622, 8, 'win', 5.00, 'Bet won. Payout: 5.00', 621, 'completed', '2025-06-06 06:17:35', 2),
(623, 8, 'bet', 10.00, 'Bet won. Payout: 12.00', NULL, 'completed', '2025-06-06 06:17:36', 2),
(624, 8, 'win', 12.00, 'Bet won. Payout: 12.00', 623, 'completed', '2025-06-06 06:17:36', 2),
(625, 8, 'bet', 10.00, 'Bet won. Payout: 5.00', NULL, 'completed', '2025-06-06 06:17:40', 2),
(626, 8, 'win', 5.00, 'Bet won. Payout: 5.00', 625, 'completed', '2025-06-06 06:17:41', 2),
(627, 8, 'bet', 10.00, '0', NULL, 'pending', '2025-06-06 06:17:43', 2),
(628, 8, 'bet', 10.00, '0', NULL, 'pending', '2025-06-06 06:17:44', 2),
(629, 8, 'bet', 10.00, '0', NULL, 'pending', '2025-06-06 06:17:44', 2),
(630, 8, 'bet', 10.00, '0', NULL, 'pending', '2025-06-06 06:17:44', 2),
(631, 8, 'bet', 10.00, '0', NULL, 'pending', '2025-06-06 06:17:44', 2),
(632, 8, 'bet', 10.00, '0', NULL, 'pending', '2025-06-06 06:17:44', 2),
(633, 8, 'bet', 10.00, 'Bet won. Payout: 5.00', NULL, 'completed', '2025-06-06 06:17:44', 2),
(634, 8, 'win', 5.00, 'Bet won. Payout: 5.00', 633, 'completed', '2025-06-06 06:17:44', 2),
(635, 8, 'bet', 10.00, '0', NULL, 'pending', '2025-06-06 06:17:45', 2),
(636, 8, 'bet', 10.00, '0', NULL, 'pending', '2025-06-06 06:17:46', 2),
(637, 8, 'bet', 10.00, '0', NULL, 'pending', '2025-06-06 06:17:46', 2),
(638, 8, 'bet', 10.00, '0', NULL, 'pending', '2025-06-06 06:17:46', 2),
(639, 8, 'bet', 10.00, '0', NULL, 'pending', '2025-06-06 06:17:46', 2),
(640, 8, 'bet', 10.00, '0', NULL, 'pending', '2025-06-06 06:17:46', 2),
(641, 8, 'bet', 10.00, 'Bet won. Payout: 5.00', NULL, 'completed', '2025-06-06 06:17:46', 2),
(642, 8, 'win', 5.00, 'Bet won. Payout: 5.00', 641, 'completed', '2025-06-06 06:17:46', 2),
(643, 8, 'bet', 10.00, '0', NULL, 'pending', '2025-06-06 06:17:46', 2),
(644, 8, 'bet', 10.00, '0', NULL, 'pending', '2025-06-06 06:17:46', 2),
(645, 8, 'bet', 10.00, 'Bet won. Payout: 5.00', NULL, 'completed', '2025-06-06 06:17:47', 2),
(646, 8, 'win', 5.00, 'Bet won. Payout: 5.00', 645, 'completed', '2025-06-06 06:17:47', 2),
(647, 8, 'bet', 10.00, 'Bet won. Payout: 5.00', NULL, 'completed', '2025-06-06 06:17:47', 2),
(648, 8, 'win', 5.00, 'Bet won. Payout: 5.00', 647, 'completed', '2025-06-06 06:17:47', 2),
(649, 8, 'bet', 10.00, 'Bet won. Payout: 5.00', NULL, 'completed', '2025-06-06 06:17:47', 2),
(650, 8, 'win', 5.00, 'Bet won. Payout: 5.00', 649, 'completed', '2025-06-06 06:17:47', 2),
(651, 8, 'bet', 10.00, 'Bet won. Payout: 5.00', NULL, 'completed', '2025-06-06 06:17:47', 2),
(652, 8, 'win', 5.00, 'Bet won. Payout: 5.00', 651, 'completed', '2025-06-06 06:17:47', 2),
(653, 8, 'bet', 10.00, 'Bet won. Payout: 5.00', NULL, 'completed', '2025-06-06 06:17:47', 2),
(654, 8, 'win', 5.00, 'Bet won. Payout: 5.00', 653, 'completed', '2025-06-06 06:17:47', 2),
(655, 8, 'bet', 10.00, '0', NULL, 'pending', '2025-06-06 06:17:47', 2),
(656, 8, 'bet', 10.00, '0', NULL, 'pending', '2025-06-06 06:17:47', 2),
(657, 8, 'bet', 10.00, 'Bet won. Payout: 5.00', NULL, 'completed', '2025-06-06 06:17:48', 2),
(658, 8, 'win', 5.00, 'Bet won. Payout: 5.00', 657, 'completed', '2025-06-06 06:17:48', 2),
(659, 8, 'bet', 10.00, 'Bet won. Payout: 5.00', NULL, 'completed', '2025-06-06 06:17:48', 2),
(660, 8, 'win', 5.00, 'Bet won. Payout: 5.00', 659, 'completed', '2025-06-06 06:17:48', 2),
(661, 8, 'bet', 10.00, 'Bet won. Payout: 5.00', NULL, 'completed', '2025-06-06 06:17:48', 2),
(662, 8, 'win', 5.00, 'Bet won. Payout: 5.00', 661, 'completed', '2025-06-06 06:17:48', 2),
(663, 8, 'bet', 10.00, 'Bet won. Payout: 15.00', NULL, 'completed', '2025-06-06 06:17:48', 2),
(664, 8, 'win', 15.00, 'Bet won. Payout: 15.00', 663, 'completed', '2025-06-06 06:17:48', 2),
(665, 8, 'bet', 10.00, '0', NULL, 'pending', '2025-06-06 06:17:48', 2),
(666, 8, 'bet', 10.00, '0', NULL, 'pending', '2025-06-06 06:17:48', 2),
(667, 8, 'bet', 10.00, 'Bet won. Payout: 5.00', NULL, 'completed', '2025-06-06 06:17:48', 2),
(668, 8, 'win', 5.00, 'Bet won. Payout: 5.00', 667, 'completed', '2025-06-06 06:17:48', 2),
(669, 8, 'bet', 10.00, 'Bet won. Payout: 5.00', NULL, 'completed', '2025-06-06 06:17:48', 2),
(670, 8, 'win', 5.00, 'Bet won. Payout: 5.00', 669, 'completed', '2025-06-06 06:17:49', 2),
(671, 8, 'bet', 10.00, 'Bet won. Payout: 5.00', NULL, 'completed', '2025-06-06 06:17:49', 2),
(672, 8, 'win', 5.00, 'Bet won. Payout: 5.00', 671, 'completed', '2025-06-06 06:17:49', 2),
(673, 8, 'bet', 10.00, 'Bet won. Payout: 15.00', NULL, 'completed', '2025-06-06 06:17:49', 2),
(674, 8, 'win', 15.00, 'Bet won. Payout: 15.00', 673, 'completed', '2025-06-06 06:17:49', 2),
(675, 8, 'bet', 10.00, '0', NULL, 'pending', '2025-06-06 06:17:49', 2),
(676, 8, 'bet', 10.00, 'Bet won. Payout: 5.00', NULL, 'completed', '2025-06-06 06:17:49', 2),
(677, 8, 'win', 5.00, 'Bet won. Payout: 5.00', 676, 'completed', '2025-06-06 06:17:49', 2),
(678, 8, 'bet', 10.00, '0', NULL, 'pending', '2025-06-06 06:17:49', 2),
(679, 8, 'bet', 10.00, 'Bet won. Payout: 10.00', NULL, 'completed', '2025-06-06 06:17:49', 2),
(680, 8, 'win', 10.00, 'Bet won. Payout: 10.00', 679, 'completed', '2025-06-06 06:17:49', 2),
(681, 8, 'bet', 10.00, 'Bet won. Payout: 10.00', NULL, 'completed', '2025-06-06 06:17:49', 2),
(682, 8, 'win', 10.00, 'Bet won. Payout: 10.00', 681, 'completed', '2025-06-06 06:17:49', 2),
(683, 8, 'bet', 10.00, 'Bet won. Payout: 5.00', NULL, 'completed', '2025-06-06 06:17:50', 2),
(684, 8, 'win', 5.00, 'Bet won. Payout: 5.00', 683, 'completed', '2025-06-06 06:17:50', 2),
(685, 8, 'bet', 10.00, 'Bet won. Payout: 15.00', NULL, 'completed', '2025-06-06 06:17:50', 2),
(686, 8, 'win', 15.00, 'Bet won. Payout: 15.00', 685, 'completed', '2025-06-06 06:17:50', 2),
(687, 8, 'bet', 10.00, 'Bet won. Payout: 5.00', NULL, 'completed', '2025-06-06 06:17:50', 2),
(688, 8, 'win', 5.00, 'Bet won. Payout: 5.00', 687, 'completed', '2025-06-06 06:17:50', 2),
(689, 8, 'bet', 10.00, 'Bet won. Payout: 5.00', NULL, 'completed', '2025-06-06 06:17:50', 2),
(690, 8, 'win', 5.00, 'Bet won. Payout: 5.00', 689, 'completed', '2025-06-06 06:17:50', 2),
(691, 8, 'bet', 10.00, 'Bet won. Payout: 5.00', NULL, 'completed', '2025-06-06 06:17:50', 2),
(692, 8, 'win', 5.00, 'Bet won. Payout: 5.00', 691, 'completed', '2025-06-06 06:17:50', 2),
(693, 8, 'bet', 10.00, 'Bet won. Payout: 5.00', NULL, 'completed', '2025-06-06 06:17:50', 2),
(694, 8, 'win', 5.00, 'Bet won. Payout: 5.00', 693, 'completed', '2025-06-06 06:17:50', 2),
(695, 8, 'bet', 10.00, 'Bet won. Payout: 5.00', NULL, 'completed', '2025-06-06 06:17:50', 2),
(696, 8, 'win', 5.00, 'Bet won. Payout: 5.00', 695, 'completed', '2025-06-06 06:17:51', 2),
(697, 8, 'bet', 10.00, '0', NULL, 'pending', '2025-06-06 06:17:51', 2),
(698, 8, 'bet', 10.00, '0', NULL, 'pending', '2025-06-06 06:17:51', 2),
(699, 8, 'bet', 10.00, '0', NULL, 'pending', '2025-06-06 06:17:51', 2),
(700, 8, 'bet', 10.00, 'Bet won. Payout: 12.00', NULL, 'completed', '2025-06-06 06:17:51', 2),
(701, 8, 'win', 12.00, 'Bet won. Payout: 12.00', 700, 'completed', '2025-06-06 06:17:51', 2),
(702, 8, 'bet', 10.00, 'Bet won. Payout: 5.00', NULL, 'completed', '2025-06-06 06:17:51', 2),
(703, 8, 'win', 5.00, 'Bet won. Payout: 5.00', 702, 'completed', '2025-06-06 06:17:51', 2),
(704, 8, 'bet', 10.00, '0', NULL, 'pending', '2025-06-06 06:17:51', 2),
(705, 8, 'bet', 10.00, 'Bet won. Payout: 12.00', NULL, 'completed', '2025-06-06 06:17:51', 2),
(706, 8, 'win', 12.00, 'Bet won. Payout: 12.00', 705, 'completed', '2025-06-06 06:17:51', 2),
(707, 8, 'bet', 10.00, 'Bet won. Payout: 12.00', NULL, 'completed', '2025-06-06 06:17:52', 2),
(708, 8, 'win', 12.00, 'Bet won. Payout: 12.00', 707, 'completed', '2025-06-06 06:17:52', 2),
(709, 8, 'bet', 10.00, 'Bet won. Payout: 5.00', NULL, 'completed', '2025-06-06 06:17:52', 2),
(710, 8, 'win', 5.00, 'Bet won. Payout: 5.00', 709, 'completed', '2025-06-06 06:17:52', 2),
(711, 8, 'bet', 10.00, 'Bet won. Payout: 5.00', NULL, 'completed', '2025-06-06 06:17:52', 2),
(712, 8, 'win', 5.00, 'Bet won. Payout: 5.00', 711, 'completed', '2025-06-06 06:17:52', 2),
(713, 8, 'bet', 10.00, 'Bet won. Payout: 5.00', NULL, 'completed', '2025-06-06 06:17:52', 2),
(714, 8, 'win', 5.00, 'Bet won. Payout: 5.00', 713, 'completed', '2025-06-06 06:17:52', 2),
(715, 8, 'bet', 10.00, '0', NULL, 'pending', '2025-06-06 06:17:52', 2),
(716, 8, 'bet', 10.00, 'Bet won. Payout: 12.00', NULL, 'completed', '2025-06-06 06:17:52', 2),
(717, 8, 'win', 12.00, 'Bet won. Payout: 12.00', 716, 'completed', '2025-06-06 06:17:52', 2),
(718, 8, 'bet', 10.00, 'Bet won. Payout: 5.00', NULL, 'completed', '2025-06-06 06:17:52', 2),
(719, 8, 'win', 5.00, 'Bet won. Payout: 5.00', 718, 'completed', '2025-06-06 06:17:53', 2),
(720, 8, 'bet', 10.00, '0', NULL, 'pending', '2025-06-06 06:17:53', 2),
(721, 8, 'bet', 10.00, '0', NULL, 'pending', '2025-06-06 06:17:53', 2),
(722, 8, 'bet', 10.00, 'Bet won. Payout: 5.00', NULL, 'completed', '2025-06-06 06:17:53', 2),
(723, 8, 'win', 5.00, 'Bet won. Payout: 5.00', 722, 'completed', '2025-06-06 06:17:53', 2),
(724, 8, 'bet', 10.00, 'Bet won. Payout: 5.00', NULL, 'completed', '2025-06-06 06:17:53', 2),
(725, 8, 'win', 5.00, 'Bet won. Payout: 5.00', 724, 'completed', '2025-06-06 06:17:53', 2),
(726, 8, 'bet', 10.00, '0', NULL, 'pending', '2025-06-06 06:17:53', 2),
(727, 8, 'bet', 10.00, '0', NULL, 'pending', '2025-06-06 06:17:53', 2),
(728, 8, 'bet', 10.00, 'Bet won. Payout: 12.00', NULL, 'completed', '2025-06-06 06:17:53', 2),
(729, 8, 'win', 12.00, 'Bet won. Payout: 12.00', 728, 'completed', '2025-06-06 06:17:54', 2),
(730, 8, 'bet', 10.00, 'Bet won. Payout: 5.00', NULL, 'completed', '2025-06-06 06:17:54', 2),
(731, 8, 'win', 5.00, 'Bet won. Payout: 5.00', 730, 'completed', '2025-06-06 06:17:54', 2),
(732, 8, 'bet', 10.00, 'Bet won. Payout: 5.00', NULL, 'completed', '2025-06-06 06:17:54', 2),
(733, 8, 'bet', 10.00, '0', NULL, 'pending', '2025-06-06 06:17:54', 2),
(734, 8, 'win', 5.00, 'Bet won. Payout: 5.00', 732, 'completed', '2025-06-06 06:17:54', 2),
(735, 8, 'bet', 10.00, 'Bet won. Payout: 12.00', NULL, 'completed', '2025-06-06 06:17:54', 2),
(736, 8, 'win', 12.00, 'Bet won. Payout: 12.00', 735, 'completed', '2025-06-06 06:17:54', 2),
(737, 8, 'bet', 10.00, 'Bet won. Payout: 5.00', NULL, 'completed', '2025-06-06 06:17:54', 2),
(738, 8, 'win', 5.00, 'Bet won. Payout: 5.00', 737, 'completed', '2025-06-06 06:17:54', 2),
(739, 8, 'bet', 10.00, 'Bet won. Payout: 5.00', NULL, 'completed', '2025-06-06 06:17:54', 2),
(740, 8, 'bet', 10.00, '0', NULL, 'pending', '2025-06-06 06:17:55', 2),
(741, 8, 'win', 5.00, 'Bet won. Payout: 5.00', 739, 'completed', '2025-06-06 06:17:55', 2),
(742, 8, 'bet', 10.00, 'Bet won. Payout: 5.00', NULL, 'completed', '2025-06-06 06:17:55', 2),
(743, 8, 'win', 5.00, 'Bet won. Payout: 5.00', 742, 'completed', '2025-06-06 06:17:55', 2),
(744, 8, 'bet', 10.00, 'Bet won. Payout: 5.00', NULL, 'completed', '2025-06-06 06:17:55', 2),
(745, 8, 'win', 5.00, 'Bet won. Payout: 5.00', 744, 'completed', '2025-06-06 06:17:55', 2),
(746, 8, 'bet', 10.00, 'Bet won. Payout: 5.00', NULL, 'completed', '2025-06-06 06:17:55', 2),
(747, 8, 'win', 5.00, 'Bet won. Payout: 5.00', 746, 'completed', '2025-06-06 06:17:55', 2),
(748, 8, 'bet', 10.00, 'Bet won. Payout: 5.00', NULL, 'completed', '2025-06-06 06:17:55', 2),
(749, 8, 'win', 5.00, 'Bet won. Payout: 5.00', 748, 'completed', '2025-06-06 06:17:55', 2),
(750, 8, 'bet', 10.00, '0', NULL, 'pending', '2025-06-06 06:17:55', 2),
(751, 8, 'bet', 10.00, 'Bet won. Payout: 5.00', NULL, 'completed', '2025-06-06 06:17:55', 2),
(752, 8, 'win', 5.00, 'Bet won. Payout: 5.00', 751, 'completed', '2025-06-06 06:17:56', 2),
(753, 8, 'bet', 10.00, 'Bet won. Payout: 5.00', NULL, 'completed', '2025-06-06 06:17:56', 2),
(754, 8, 'win', 5.00, 'Bet won. Payout: 5.00', 753, 'completed', '2025-06-06 06:17:56', 2),
(755, 8, 'bet', 10.00, '0', NULL, 'pending', '2025-06-06 06:17:56', 2),
(756, 8, 'bet', 10.00, '0', NULL, 'pending', '2025-06-06 06:17:56', 2),
(757, 8, 'bet', 10.00, 'Bet won. Payout: 8.00', NULL, 'completed', '2025-06-06 06:17:56', 2),
(758, 8, 'win', 8.00, 'Bet won. Payout: 8.00', 757, 'completed', '2025-06-06 06:17:56', 2),
(759, 8, 'bet', 10.00, 'Bet won. Payout: 5.00', NULL, 'completed', '2025-06-06 06:17:56', 2),
(760, 8, 'win', 5.00, 'Bet won. Payout: 5.00', 759, 'completed', '2025-06-06 06:17:56', 2),
(761, 8, 'bet', 10.00, 'Bet won. Payout: 15.00', NULL, 'completed', '2025-06-06 06:17:56', 2),
(762, 8, 'win', 15.00, 'Bet won. Payout: 15.00', 761, 'completed', '2025-06-06 06:17:56', 2),
(763, 8, 'bet', 10.00, '0', NULL, 'pending', '2025-06-06 06:17:56', 2),
(764, 8, 'bet', 10.00, '0', NULL, 'pending', '2025-06-06 06:17:57', 2),
(765, 8, 'bet', 10.00, 'Bet won. Payout: 8.00', NULL, 'completed', '2025-06-06 06:17:57', 2),
(766, 8, 'win', 8.00, 'Bet won. Payout: 8.00', 765, 'completed', '2025-06-06 06:17:57', 2),
(767, 8, 'bet', 10.00, 'Bet won. Payout: 5.00', NULL, 'completed', '2025-06-06 06:17:57', 2),
(768, 8, 'win', 5.00, 'Bet won. Payout: 5.00', 767, 'completed', '2025-06-06 06:17:57', 2),
(769, 8, 'bet', 10.00, 'Bet won. Payout: 5.00', NULL, 'completed', '2025-06-06 06:17:57', 2),
(770, 8, 'win', 5.00, 'Bet won. Payout: 5.00', 769, 'completed', '2025-06-06 06:17:57', 2),
(771, 8, 'bet', 10.00, 'Bet won. Payout: 5.00', NULL, 'completed', '2025-06-06 06:17:57', 2),
(772, 8, 'win', 5.00, 'Bet won. Payout: 5.00', 771, 'completed', '2025-06-06 06:17:57', 2),
(773, 8, 'bet', 10.00, 'Bet won. Payout: 5.00', NULL, 'completed', '2025-06-06 06:17:57', 2),
(774, 8, 'win', 5.00, 'Bet won. Payout: 5.00', 773, 'completed', '2025-06-06 06:17:57', 2),
(775, 8, 'bet', 10.00, 'Bet won. Payout: 5.00', NULL, 'completed', '2025-06-06 06:17:57', 2),
(776, 8, 'win', 5.00, 'Bet won. Payout: 5.00', 775, 'completed', '2025-06-06 06:17:58', 2),
(777, 8, 'bet', 10.00, 'Bet won. Payout: 5.00', NULL, 'completed', '2025-06-06 06:17:58', 2),
(778, 8, 'win', 5.00, 'Bet won. Payout: 5.00', 777, 'completed', '2025-06-06 06:17:58', 2),
(779, 8, 'bet', 10.00, 'Bet won. Payout: 12.00', NULL, 'completed', '2025-06-06 06:17:58', 2),
(780, 8, 'win', 12.00, 'Bet won. Payout: 12.00', 779, 'completed', '2025-06-06 06:17:58', 2),
(781, 8, 'bet', 10.00, '0', NULL, 'pending', '2025-06-06 06:17:58', 2),
(782, 8, 'bet', 10.00, 'Bet won. Payout: 12.00', NULL, 'completed', '2025-06-06 06:17:58', 2),
(783, 8, 'win', 12.00, 'Bet won. Payout: 12.00', 782, 'completed', '2025-06-06 06:17:58', 2),
(784, 8, 'bet', 10.00, 'Bet won. Payout: 5.00', NULL, 'completed', '2025-06-06 06:17:58', 2),
(785, 8, 'win', 5.00, 'Bet won. Payout: 5.00', 784, 'completed', '2025-06-06 06:17:58', 2),
(786, 8, 'bet', 10.00, '0', NULL, 'pending', '2025-06-06 06:17:58', 2),
(787, 8, 'bet', 10.00, 'Bet won. Payout: 5.00', NULL, 'completed', '2025-06-06 06:17:58', 2),
(788, 8, 'win', 5.00, 'Bet won. Payout: 5.00', 787, 'completed', '2025-06-06 06:17:59', 2),
(789, 8, 'bet', 10.00, 'Bet won. Payout: 5.00', NULL, 'completed', '2025-06-06 06:17:59', 2),
(790, 8, 'win', 5.00, 'Bet won. Payout: 5.00', 789, 'completed', '2025-06-06 06:17:59', 2),
(791, 8, 'bet', 10.00, 'Bet won. Payout: 10.00', NULL, 'completed', '2025-06-06 06:17:59', 2),
(792, 8, 'win', 10.00, 'Bet won. Payout: 10.00', 791, 'completed', '2025-06-06 06:17:59', 2),
(793, 8, 'bet', 10.00, '0', NULL, 'pending', '2025-06-06 06:17:59', 2),
(794, 8, 'bet', 10.00, '0', NULL, 'pending', '2025-06-06 06:17:59', 2),
(795, 8, 'bet', 10.00, 'Bet won. Payout: 5.00', NULL, 'completed', '2025-06-06 06:17:59', 2),
(796, 8, 'win', 5.00, 'Bet won. Payout: 5.00', 795, 'completed', '2025-06-06 06:17:59', 2),
(797, 8, 'bet', 10.00, '0', NULL, 'pending', '2025-06-06 06:18:00', 2),
(798, 8, 'bet', 10.00, 'Bet won. Payout: 10.00', NULL, 'completed', '2025-06-06 06:18:00', 2),
(799, 8, 'win', 10.00, 'Bet won. Payout: 10.00', 798, 'completed', '2025-06-06 06:18:00', 2),
(800, 8, 'bet', 40.00, 'Bet lost.', NULL, 'completed', '2025-06-06 07:28:27', 4),
(801, 8, 'bet', 40.00, 'Bet won. Payout: 44.00', NULL, 'completed', '2025-06-06 07:29:21', 4),
(802, 8, 'win', 44.00, 'Bet won. Payout: 44.00', 801, 'completed', '2025-06-06 07:29:30', 4),
(803, 8, 'bet', 40.00, 'Bet won. Payout: 91.00', NULL, 'completed', '2025-06-06 07:34:40', 4),
(804, 8, 'win', 91.00, 'Bet won. Payout: 91.00', 803, 'completed', '2025-06-06 07:35:03', 4),
(805, 8, 'bet', 40.00, 'Bet won. Payout: 115.00', NULL, 'completed', '2025-06-06 07:39:02', 4),
(806, 8, 'win', 115.00, 'Bet won. Payout: 115.00', 805, 'completed', '2025-06-06 07:39:16', 4),
(807, 8, 'bet', 40.00, 'Bet lost.', NULL, 'completed', '2025-06-06 07:39:23', 4),
(808, 8, 'bet', 40.00, 'Bet won. Payout: 112.00', NULL, 'completed', '2025-06-06 07:39:28', 4),
(809, 8, 'win', 112.00, 'Bet won. Payout: 112.00', 808, 'completed', '2025-06-06 07:39:44', 4),
(810, 8, 'bet', 40.00, 'Bet won. Payout: 41.00', NULL, 'completed', '2025-06-06 07:39:46', 4),
(811, 8, 'win', 41.00, 'Bet won. Payout: 41.00', 810, 'completed', '2025-06-06 07:39:49', 4),
(812, 8, 'bet', 40.00, 'Bet lost.', NULL, 'completed', '2025-06-06 07:39:51', 4),
(813, 8, 'bet', 40.00, 'Bet lost.', NULL, 'completed', '2025-06-06 07:39:57', 4),
(814, 8, 'bet', 40.00, 'Bet lost.', NULL, 'completed', '2025-06-06 07:40:34', 4),
(815, 8, 'bet', 40.00, 'Bet won. Payout: 60.00', NULL, 'completed', '2025-06-06 07:40:39', 4),
(816, 8, 'win', 60.00, 'Bet won. Payout: 60.00', 815, 'completed', '2025-06-06 07:40:44', 4),
(817, 8, 'bet', 40.00, 'Bet won. Payout: 50.00', NULL, 'completed', '2025-06-06 07:40:48', 4),
(818, 8, 'win', 50.00, 'Bet won. Payout: 50.00', 817, 'completed', '2025-06-06 07:40:54', 4),
(819, 8, 'bet', 40.00, 'Bet lost.', NULL, 'completed', '2025-06-06 07:41:59', 4),
(820, 8, 'bet', 40.00, 'Bet lost.', NULL, 'completed', '2025-06-06 07:45:29', 4),
(821, 8, 'bet', 40.00, 'Bet lost.', NULL, 'completed', '2025-06-06 07:45:52', 4),
(822, 8, 'bet', 40.00, 'Bet won. Payout: 45.00', NULL, 'completed', '2025-06-06 07:46:13', 4),
(823, 8, 'win', 45.00, 'Bet won. Payout: 45.00', 822, 'completed', '2025-06-06 07:46:43', 4),
(824, 8, 'bet', 40.00, 'Bet lost.', NULL, 'completed', '2025-06-06 07:47:18', 4),
(825, 8, 'bet', 40.00, 'Bet lost.', NULL, 'completed', '2025-06-06 07:47:47', 4),
(826, 8, 'bet', 40.00, '0', NULL, 'pending', '2025-06-06 07:52:19', 4),
(827, 8, 'bet', 40.00, 'Bet won. Payout: 6.00', NULL, 'completed', '2025-06-06 07:56:12', 4),
(828, 8, 'win', 6.00, 'Bet won. Payout: 6.00', 827, 'completed', '2025-06-06 07:56:18', 4),
(829, 8, 'bet', 40.00, 'Bet lost.', NULL, 'completed', '2025-06-06 07:56:21', 4),
(830, 8, 'bet', 40.00, 'Bet won. Payout: 5.00', NULL, 'completed', '2025-06-06 07:56:30', 4),
(831, 8, 'win', 5.00, 'Bet won. Payout: 5.00', 830, 'completed', '2025-06-06 07:56:35', 4),
(832, 8, 'deposit', 2356.00, 'Funds deposited', NULL, 'completed', '2025-06-06 07:57:36', NULL),
(833, 8, 'bet', 40.00, 'Bet lost.', NULL, 'completed', '2025-06-06 07:57:47', 4),
(834, 8, 'bet', 40.00, 'Bet lost.', NULL, 'completed', '2025-06-06 07:57:55', 4),
(835, 8, 'bet', 40.00, 'Bet won. Payout: 25.00', NULL, 'completed', '2025-06-06 07:58:03', 4),
(836, 8, 'win', 25.00, 'Bet won. Payout: 25.00', 835, 'completed', '2025-06-06 07:58:22', 4),
(837, 8, 'bet', 40.00, 'Bet lost.', NULL, 'completed', '2025-06-06 08:04:50', 5),
(838, 8, 'bet', 40.00, 'Bet won. Payout: 22.00', NULL, 'completed', '2025-06-06 08:05:36', 5),
(839, 8, 'win', 22.00, 'Bet won. Payout: 22.00', 838, 'completed', '2025-06-06 08:06:02', 5),
(840, 8, 'bet', 40.00, 'Bet won. Payout: 45.00', NULL, 'completed', '2025-06-06 08:41:18', 5),
(841, 8, 'win', 45.00, 'Bet won. Payout: 45.00', 840, 'completed', '2025-06-06 08:41:48', 5),
(842, 8, 'deposit', 148.00, 'Funds deposited', NULL, 'completed', '2025-06-06 08:42:18', NULL),
(843, 8, 'bet', 40.00, 'Bet won. Payout: 41.00', NULL, 'completed', '2025-06-06 08:42:27', 5),
(844, 8, 'win', 41.00, 'Bet won. Payout: 41.00', 843, 'completed', '2025-06-06 08:42:57', 5),
(850, 8, 'bet', 10.00, 'Bet won. Payout: 20.00', NULL, 'completed', '2025-06-06 16:43:38', 6),
(851, 8, 'win', 20.00, 'Bet won. Payout: 20.00', 850, 'completed', '2025-06-06 16:43:38', 6),
(852, 8, 'bet', 10.00, 'Bet lost.', NULL, 'completed', '2025-06-06 16:43:40', 6),
(853, 8, 'bet', 10.00, 'Bet lost.', NULL, 'completed', '2025-06-06 16:43:42', 6),
(854, 8, 'bet', 10.00, 'Bet won. Payout: 10.00', NULL, 'completed', '2025-06-06 16:43:44', 6),
(855, 8, 'win', 10.00, 'Bet won. Payout: 10.00', 854, 'completed', '2025-06-06 16:43:44', 6),
(856, 8, 'bet', 10.00, 'Bet lost.', NULL, 'completed', '2025-06-06 17:02:25', 6),
(857, 8, 'bet', 10.00, 'Bet lost.', NULL, 'completed', '2025-06-06 17:02:26', 6),
(858, 8, 'bet', 10.00, 'Bet lost.', NULL, 'completed', '2025-06-06 17:02:29', 6),
(859, 8, 'bet', 10.00, 'Bet won. Payout: 10.00', NULL, 'completed', '2025-06-06 17:02:32', 6),
(860, 8, 'win', 10.00, 'Bet won. Payout: 10.00', 859, 'completed', '2025-06-06 17:02:32', 6),
(861, 8, 'bet', 10.00, 'Bet lost.', NULL, 'completed', '2025-06-06 17:02:33', 6),
(862, 8, 'bet', 10.00, 'Bet lost.', NULL, 'completed', '2025-06-06 17:02:35', 6),
(863, 8, 'bet', 10.00, 'Bet won. Payout: 10.00', NULL, 'completed', '2025-06-06 17:02:37', 6),
(864, 8, 'win', 10.00, 'Bet won. Payout: 10.00', 863, 'completed', '2025-06-06 17:02:37', 6),
(865, 8, 'bet', 10.00, 'Bet won. Payout: 20.00', NULL, 'completed', '2025-06-06 17:02:54', 6),
(866, 8, 'win', 20.00, 'Bet won. Payout: 20.00', 865, 'completed', '2025-06-06 17:02:54', 6),
(867, 8, 'bet', 10.00, 'Bet lost.', NULL, 'completed', '2025-06-06 17:02:55', 6),
(868, 8, 'bet', 10.00, 'Bet won. Payout: 10.00', NULL, 'completed', '2025-06-06 17:05:50', 6),
(869, 8, 'win', 10.00, 'Bet won. Payout: 10.00', 868, 'completed', '2025-06-06 17:05:50', 6),
(870, 8, 'bet', 10.00, 'Bet won. Payout: 10.00', NULL, 'completed', '2025-06-06 17:05:57', 6),
(871, 8, 'win', 10.00, 'Bet won. Payout: 10.00', 870, 'completed', '2025-06-06 17:05:58', 6),
(872, 8, 'bet', 10.00, 'Bet won. Payout: 12.00', NULL, 'completed', '2025-06-06 17:35:33', 2),
(873, 8, 'win', 12.00, 'Bet won. Payout: 12.00', 872, 'completed', '2025-06-06 17:35:34', 2),
(874, 8, 'bet', 10.00, 'Bet won. Payout: 12.00', NULL, 'completed', '2025-06-06 17:35:39', 2),
(875, 8, 'win', 12.00, 'Bet won. Payout: 12.00', 874, 'completed', '2025-06-06 17:35:40', 2),
(876, 8, 'bet', 10.00, 'Bet won. Payout: 12.00', NULL, 'completed', '2025-06-06 17:36:04', 2),
(877, 8, 'win', 12.00, 'Bet won. Payout: 12.00', 876, 'completed', '2025-06-06 17:36:05', 2),
(878, 8, 'bet', 10.00, 'Bet won. Payout: 10.00', NULL, 'completed', '2025-06-06 17:52:22', 6),
(879, 8, 'win', 10.00, 'Bet won. Payout: 10.00', 878, 'completed', '2025-06-06 17:52:22', 6),
(880, 8, 'bet', 10.00, 'Bet won. Payout: 10.00', NULL, 'completed', '2025-06-06 17:52:23', 6),
(881, 8, 'win', 10.00, 'Bet won. Payout: 10.00', 880, 'completed', '2025-06-06 17:52:23', 6),
(882, 8, 'bet', 10.00, 'Bet won. Payout: 20.00', NULL, 'completed', '2025-06-06 17:52:24', 6),
(883, 8, 'win', 20.00, 'Bet won. Payout: 20.00', 882, 'completed', '2025-06-06 17:52:25', 6),
(884, 8, 'bet', 10.00, 'Bet won. Payout: 10.00', NULL, 'completed', '2025-06-06 17:52:26', 6),
(885, 8, 'win', 10.00, 'Bet won. Payout: 10.00', 884, 'completed', '2025-06-06 17:52:26', 6),
(886, 8, 'bet', 10.00, 'Bet won. Payout: 10.00', NULL, 'completed', '2025-06-06 17:52:28', 6),
(887, 8, 'win', 10.00, 'Bet won. Payout: 10.00', 886, 'completed', '2025-06-06 17:52:28', 6),
(888, 8, 'bet', 10.00, 'Bet won. Payout: 10.00', NULL, 'completed', '2025-06-06 17:52:31', 6),
(889, 8, 'win', 10.00, 'Bet won. Payout: 10.00', 888, 'completed', '2025-06-06 17:52:31', 6),
(890, 8, 'bet', 10.00, 'Bet won. Payout: 10.00', NULL, 'completed', '2025-06-06 17:52:32', 6),
(891, 8, 'win', 10.00, 'Bet won. Payout: 10.00', 890, 'completed', '2025-06-06 17:52:32', 6),
(892, 8, 'bet', 10.00, 'Bet lost.', NULL, 'completed', '2025-06-06 17:52:33', 6),
(893, 8, 'bet', 10.00, 'Bet lost.', NULL, 'completed', '2025-06-06 17:52:34', 6),
(894, 8, 'bet', 10.00, 'Bet lost.', NULL, 'completed', '2025-06-06 17:52:36', 6),
(895, 8, 'bet', 10.00, 'Bet won. Payout: 10.00', NULL, 'completed', '2025-06-06 17:52:37', 6),
(896, 8, 'win', 10.00, 'Bet won. Payout: 10.00', 895, 'completed', '2025-06-06 17:52:37', 6),
(897, 8, 'bet', 10.00, 'Bet won. Payout: 20.00', NULL, 'completed', '2025-06-06 17:52:38', 6),
(898, 8, 'win', 20.00, 'Bet won. Payout: 20.00', 897, 'completed', '2025-06-06 17:52:39', 6),
(899, 8, 'deposit', 63.00, 'Funds deposited', NULL, 'completed', '2025-06-06 18:25:27', NULL),
(900, 8, 'deposit', 50.00, 'Funds deposited', NULL, 'completed', '2025-06-06 18:37:30', NULL),
(903, 8, 'bet', 10.00, 'Bet won. Payout: 5.00', NULL, 'completed', '2025-06-06 18:58:31', 2),
(904, 8, 'win', 5.00, 'Bet won. Payout: 5.00', 903, 'completed', '2025-06-06 18:58:32', 2),
(905, 8, 'bet', 10.00, 'Bet won. Payout: 10.00', NULL, 'completed', '2025-06-06 18:58:40', 6),
(906, 8, 'win', 10.00, 'Bet won. Payout: 10.00', 905, 'completed', '2025-06-06 18:58:40', 6),
(907, 8, 'bet', 40.00, 'Bet lost.', NULL, 'completed', '2025-06-06 18:58:50', 5),
(908, 8, 'bet', 10.00, 'Bet won. Payout: 10.00', NULL, 'completed', '2025-06-07 08:51:53', 6),
(909, 8, 'win', 10.00, 'Bet won. Payout: 10.00', 908, 'completed', '2025-06-07 08:51:53', 6),
(910, 8, 'bet', 10.00, 'Bet won. Payout: 20.00', NULL, 'completed', '2025-06-07 10:22:56', 6),
(911, 8, 'win', 20.00, 'Bet won. Payout: 20.00', 910, 'completed', '2025-06-07 10:22:56', 6),
(912, 8, 'bet', 40.00, 'Bet won. Payout: 5.00', NULL, 'completed', '2025-06-07 14:13:52', 5),
(913, 8, 'win', 5.00, 'Bet won. Payout: 5.00', 912, 'completed', '2025-06-07 14:14:09', 5),
(914, 8, 'bet', 10.00, 'Bet lost.', NULL, 'completed', '2025-06-07 15:23:13', 6),
(915, 8, 'bet', 10.00, 'Bet won. Payout: 10.00', NULL, 'completed', '2025-06-07 15:23:46', 6),
(916, 8, 'win', 10.00, 'Bet won. Payout: 10.00', 915, 'completed', '2025-06-07 15:23:46', 6),
(917, 8, 'bet', 10.00, 'Bet won. Payout: 10.00', NULL, 'completed', '2025-06-07 15:23:48', 6),
(918, 8, 'win', 10.00, 'Bet won. Payout: 10.00', 917, 'completed', '2025-06-07 15:23:48', 6),
(919, 8, 'bet', 10.00, 'Bet won. Payout: 20.00', NULL, 'completed', '2025-06-07 15:23:49', 6),
(920, 8, 'win', 20.00, 'Bet won. Payout: 20.00', 919, 'completed', '2025-06-07 15:23:49', 6),
(921, 8, 'bet', 10.00, 'Bet won. Payout: 12.00', NULL, 'completed', '2025-06-07 16:04:59', 2),
(922, 8, 'win', 12.00, 'Bet won. Payout: 12.00', 921, 'completed', '2025-06-07 16:05:00', 2),
(923, 8, 'deposit', 18.00, 'Funds deposited', NULL, 'completed', '2025-06-07 16:06:17', NULL),
(933, 8, 'bet', 10.00, 'Bet won. Payout: 5.00', NULL, 'completed', '2025-06-09 10:47:39', 2),
(934, 8, 'win', 5.00, 'Bet won. Payout: 5.00', 933, 'completed', '2025-06-09 10:47:40', 2),
(935, 8, 'bet', 40.00, 'Bet won. Payout: 65.00', NULL, 'completed', '2025-06-09 10:48:53', 5),
(936, 8, 'win', 65.00, 'Bet won. Payout: 65.00', 935, 'completed', '2025-06-09 10:49:23', 5),
(1102, 8, 'deposit', 30.00, 'Funds deposited', NULL, 'completed', '2025-06-09 13:28:51', NULL),
(1103, 8, 'deposit', 50.00, 'Funds deposited', NULL, 'completed', '2025-06-09 14:10:38', NULL),
(1104, 8, 'bet', 10.00, '0', NULL, 'pending', '2025-06-14 09:29:27', 2),
(1105, 8, 'bet', 10.00, '0', NULL, 'pending', '2025-06-14 09:29:27', 2),
(1106, 8, 'bet', 10.00, '0', NULL, 'pending', '2025-06-14 09:29:27', 2),
(1107, 8, 'bet', 10.00, '0', NULL, 'pending', '2025-06-14 09:29:27', 2),
(1108, 8, 'bet', 10.00, 'Bet won. Payout: 15.00', NULL, 'completed', '2025-06-14 09:29:28', 2),
(1109, 8, 'bet', 10.00, '0', NULL, 'pending', '2025-06-14 09:29:28', 2),
(1110, 8, 'win', 15.00, 'Bet won. Payout: 15.00', 1108, 'completed', '2025-06-14 09:29:28', 2),
(1111, 8, 'bet', 10.00, '0', NULL, 'pending', '2025-06-14 09:29:28', 2),
(1112, 8, 'bet', 10.00, '0', NULL, 'pending', '2025-06-14 09:29:28', 2),
(1113, 8, 'bet', 10.00, '0', NULL, 'pending', '2025-06-14 09:29:28', 2),
(1114, 8, 'bet', 10.00, '0', NULL, 'pending', '2025-06-14 09:29:28', 2),
(1115, 8, 'bet', 10.00, 'Bet won. Payout: 10.00', NULL, 'completed', '2025-06-14 09:29:28', 2),
(1116, 8, 'win', 10.00, 'Bet won. Payout: 10.00', 1115, 'completed', '2025-06-14 09:29:28', 2),
(1117, 8, 'bet', 10.00, 'Bet won. Payout: 5.00', NULL, 'completed', '2025-06-14 09:29:28', 2),
(1118, 8, 'win', 5.00, 'Bet won. Payout: 5.00', 1117, 'completed', '2025-06-14 09:29:28', 2),
(1119, 8, 'bet', 10.00, 'Bet won. Payout: 5.00', NULL, 'completed', '2025-06-14 09:29:28', 2),
(1120, 8, 'win', 5.00, 'Bet won. Payout: 5.00', 1119, 'completed', '2025-06-14 09:29:29', 2),
(1121, 8, 'bet', 10.00, '0', NULL, 'pending', '2025-06-14 09:29:29', 2),
(1122, 8, 'bet', 10.00, '0', NULL, 'pending', '2025-06-14 09:29:29', 2),
(1123, 8, 'bet', 10.00, 'Bet won. Payout: 12.00', NULL, 'completed', '2025-06-14 09:29:29', 2),
(1124, 8, 'win', 12.00, 'Bet won. Payout: 12.00', 1123, 'completed', '2025-06-14 09:29:29', 2),
(1125, 8, 'bet', 10.00, '0', NULL, 'pending', '2025-06-14 09:29:29', 2),
(1126, 8, 'bet', 10.00, 'Bet won. Payout: 5.00', NULL, 'completed', '2025-06-14 09:29:29', 2),
(1127, 8, 'win', 5.00, 'Bet won. Payout: 5.00', 1126, 'completed', '2025-06-14 09:29:29', 2),
(1128, 8, 'bet', 10.00, 'Bet won. Payout: 5.00', NULL, 'completed', '2025-06-14 09:29:29', 2),
(1129, 8, 'win', 5.00, 'Bet won. Payout: 5.00', 1128, 'completed', '2025-06-14 09:29:29', 2),
(1130, 8, 'bet', 10.00, 'Bet won. Payout: 5.00', NULL, 'completed', '2025-06-14 09:29:29', 2),
(1131, 8, 'win', 5.00, 'Bet won. Payout: 5.00', 1130, 'completed', '2025-06-14 09:29:29', 2),
(1132, 8, 'bet', 10.00, '0', NULL, 'pending', '2025-06-14 09:29:29', 2),
(1133, 8, 'bet', 10.00, 'Bet won. Payout: 8.00', NULL, 'completed', '2025-06-14 09:29:30', 2),
(1134, 8, 'win', 8.00, 'Bet won. Payout: 8.00', 1133, 'completed', '2025-06-14 09:29:30', 2),
(1135, 8, 'bet', 10.00, '0', NULL, 'pending', '2025-06-14 09:29:30', 2),
(1136, 8, 'bet', 10.00, 'Bet won. Payout: 8.00', NULL, 'completed', '2025-06-14 09:29:30', 2),
(1137, 8, 'win', 8.00, 'Bet won. Payout: 8.00', 1136, 'completed', '2025-06-14 09:29:30', 2),
(1138, 8, 'bet', 10.00, 'Bet won. Payout: 10.00', NULL, 'completed', '2025-06-14 09:29:30', 2),
(1139, 8, 'win', 10.00, 'Bet won. Payout: 10.00', 1138, 'completed', '2025-06-14 09:29:30', 2),
(1140, 8, 'bet', 10.00, 'Bet won. Payout: 5.00', NULL, 'completed', '2025-06-14 09:29:30', 2),
(1141, 8, 'win', 5.00, 'Bet won. Payout: 5.00', 1140, 'completed', '2025-06-14 09:29:30', 2),
(1142, 8, 'bet', 10.00, 'Bet won. Payout: 8.00', NULL, 'completed', '2025-06-14 09:29:30', 2),
(1143, 8, 'win', 8.00, 'Bet won. Payout: 8.00', 1142, 'completed', '2025-06-14 09:29:30', 2),
(1144, 8, 'bet', 10.00, '0', NULL, 'pending', '2025-06-14 09:29:30', 2),
(1145, 8, 'bet', 10.00, 'Bet won. Payout: 5.00', NULL, 'completed', '2025-06-14 09:29:31', 2),
(1146, 8, 'win', 5.00, 'Bet won. Payout: 5.00', 1145, 'completed', '2025-06-14 09:29:31', 2),
(1147, 8, 'bet', 10.00, 'Bet won. Payout: 15.00', NULL, 'completed', '2025-06-14 09:29:31', 2),
(1148, 8, 'win', 15.00, 'Bet won. Payout: 15.00', 1147, 'completed', '2025-06-14 09:29:31', 2),
(1149, 8, 'bet', 10.00, '0', NULL, 'pending', '2025-06-14 09:29:31', 2),
(1150, 8, 'bet', 10.00, 'Bet won. Payout: 12.00', NULL, 'completed', '2025-06-14 09:29:31', 2),
(1151, 8, 'win', 12.00, 'Bet won. Payout: 12.00', 1150, 'completed', '2025-06-14 09:29:31', 2),
(1152, 8, 'bet', 10.00, '0', NULL, 'pending', '2025-06-14 09:29:31', 2),
(1153, 8, 'bet', 10.00, 'Bet won. Payout: 10.00', NULL, 'completed', '2025-06-14 09:29:31', 2),
(1154, 8, 'win', 10.00, 'Bet won. Payout: 10.00', 1153, 'completed', '2025-06-14 09:29:31', 2),
(1155, 8, 'bet', 10.00, 'Bet won. Payout: 5.00', NULL, 'completed', '2025-06-14 09:29:31', 2),
(1156, 8, 'win', 5.00, 'Bet won. Payout: 5.00', 1155, 'completed', '2025-06-14 09:29:31', 2),
(1157, 8, 'bet', 10.00, 'Bet won. Payout: 12.00', NULL, 'completed', '2025-06-14 09:29:32', 2),
(1158, 8, 'win', 12.00, 'Bet won. Payout: 12.00', 1157, 'completed', '2025-06-14 09:29:32', 2),
(1159, 8, 'bet', 10.00, '0', NULL, 'pending', '2025-06-14 09:29:32', 2),
(1160, 8, 'bet', 10.00, '0', NULL, 'pending', '2025-06-14 09:29:32', 2),
(1161, 8, 'bet', 10.00, 'Bet won. Payout: 5.00', NULL, 'completed', '2025-06-14 09:29:32', 2),
(1162, 8, 'win', 5.00, 'Bet won. Payout: 5.00', 1161, 'completed', '2025-06-14 09:29:32', 2),
(1163, 8, 'bet', 500.00, 'Bet won. Payout: 250.00', NULL, 'completed', '2025-06-14 09:30:59', 2),
(1164, 8, 'win', 250.00, 'Bet won. Payout: 250.00', 1163, 'completed', '2025-06-14 09:31:00', 2),
(1165, 8, 'bet', 10.00, 'Bet won. Payout: 12.00', NULL, 'completed', '2025-06-22 10:10:17', 2),
(1166, 8, 'win', 12.00, 'Bet won. Payout: 12.00', 1165, 'completed', '2025-06-22 10:10:18', 2),
(1167, 8, 'bet', 0.01, 'Bet won. Payout: 0.01', NULL, 'completed', '2025-06-22 12:54:05', 2),
(1168, 8, 'win', 0.01, 'Bet won. Payout: 0.01', 1167, 'completed', '2025-06-22 12:54:06', 2),
(1169, 8, 'bet', 0.01, 'Bet won. Payout: 0.01', NULL, 'completed', '2025-06-22 12:54:15', 2),
(1170, 8, 'win', 0.01, 'Bet won. Payout: 0.01', 1169, 'completed', '2025-06-22 12:54:16', 2),
(1171, 8, 'bet', 0.01, 'Bet won. Payout: 0.01', NULL, 'completed', '2025-06-22 12:54:26', 2),
(1172, 8, 'win', 0.01, 'Bet won. Payout: 0.01', 1171, 'completed', '2025-06-22 12:54:27', 2),
(1173, 8, 'bet', 10.00, 'Bet won. Payout: 12.00', NULL, 'completed', '2025-06-22 12:56:55', 2),
(1174, 8, 'win', 12.00, 'Bet won. Payout: 12.00', 1173, 'completed', '2025-06-22 12:56:56', 2),
(1175, 8, 'bet', 10.00, 'Bet won. Payout: 12.00', NULL, 'completed', '2025-06-22 12:56:57', 2),
(1176, 8, 'win', 12.00, 'Bet won. Payout: 12.00', 1175, 'completed', '2025-06-22 12:56:58', 2),
(1177, 8, 'bet', 0.01, 'Bet won. Payout: 0.01', NULL, 'completed', '2025-06-22 12:57:04', 2),
(1178, 8, 'win', 0.01, 'Bet won. Payout: 0.01', 1177, 'completed', '2025-06-22 12:57:05', 2),
(1179, 8, 'bet', 10.00, 'Bet won. Payout: 5.00', NULL, 'completed', '2025-06-22 13:02:20', 2),
(1180, 8, 'win', 5.00, 'Bet won. Payout: 5.00', 1179, 'completed', '2025-06-22 13:02:21', 2),
(1181, 8, 'bet', 10.00, 'Bet won. Payout: 12.00', NULL, 'completed', '2025-06-22 13:02:25', 2),
(1182, 8, 'win', 12.00, 'Bet won. Payout: 12.00', 1181, 'completed', '2025-06-22 13:02:26', 2),
(1183, 8, 'bet', 10.00, 'Bet won. Payout: 5.00', NULL, 'completed', '2025-06-22 13:02:27', 2),
(1184, 8, 'win', 5.00, 'Bet won. Payout: 5.00', 1183, 'completed', '2025-06-22 13:02:28', 2),
(1185, 8, 'bet', 10.00, 'Bet won. Payout: 5.00', NULL, 'completed', '2025-06-22 13:03:14', 2),
(1186, 8, 'win', 5.00, 'Bet won. Payout: 5.00', 1185, 'completed', '2025-06-22 13:03:15', 2),
(1187, 8, 'bet', 10.00, 'Bet won. Payout: 5.00', NULL, 'completed', '2025-06-22 13:33:25', 2),
(1188, 8, 'win', 5.00, 'Bet won. Payout: 5.00', 1187, 'completed', '2025-06-22 13:33:26', 2),
(1189, 8, 'bet', 0.01, 'Bet won. Payout: 0.01', NULL, 'completed', '2025-06-22 13:33:34', 2),
(1190, 8, 'win', 0.01, 'Bet won. Payout: 0.01', 1189, 'completed', '2025-06-22 13:33:35', 2),
(1191, 8, 'bet', 0.01, '0', NULL, 'pending', '2025-06-22 13:33:41', 2),
(1192, 8, 'bet', 0.01, '0', NULL, 'pending', '2025-06-22 13:33:41', 2),
(1193, 8, 'bet', 0.01, '0', NULL, 'pending', '2025-06-22 13:33:41', 2),
(1194, 8, 'bet', 0.01, '0', NULL, 'pending', '2025-06-22 13:33:41', 2),
(1195, 8, 'bet', 0.01, '0', NULL, 'pending', '2025-06-22 13:33:41', 2),
(1196, 8, 'bet', 0.01, 'Bet won. Payout: 0.01', NULL, 'completed', '2025-06-22 13:33:41', 2),
(1197, 8, 'win', 0.01, 'Bet won. Payout: 0.01', 1196, 'completed', '2025-06-22 13:33:42', 2),
(1198, 8, 'bet', 10.00, 'Bet won. Payout: 5.00', NULL, 'completed', '2025-06-22 14:02:26', 2),
(1199, 8, 'win', 5.00, 'Bet won. Payout: 5.00', 1198, 'completed', '2025-06-22 14:02:27', 2),
(1200, 8, 'bet', 10.00, 'Bet won. Payout: 5.00', NULL, 'completed', '2025-06-22 14:02:29', 2),
(1201, 8, 'win', 5.00, 'Bet won. Payout: 5.00', 1200, 'completed', '2025-06-22 14:02:30', 2),
(1202, 8, 'bet', 10.00, 'Bet won. Payout: 5.00', NULL, 'completed', '2025-06-22 14:02:32', 2),
(1203, 8, 'win', 5.00, 'Bet won. Payout: 5.00', 1202, 'completed', '2025-06-22 14:02:33', 2),
(1204, 8, 'bet', 10.00, 'Bet won. Payout: 5.00', NULL, 'completed', '2025-06-22 14:02:34', 2),
(1205, 8, 'win', 5.00, 'Bet won. Payout: 5.00', 1204, 'completed', '2025-06-22 14:02:35', 2),
(1206, 8, 'bet', 10.00, 'Bet won. Payout: 5.00', NULL, 'completed', '2025-06-22 14:02:36', 2),
(1207, 8, 'win', 5.00, 'Bet won. Payout: 5.00', 1206, 'completed', '2025-06-22 14:02:37', 2),
(1208, 8, 'bet', 10.00, 'Bet won. Payout: 5.00', NULL, 'completed', '2025-06-22 14:02:39', 2),
(1209, 8, 'win', 5.00, 'Bet won. Payout: 5.00', 1208, 'completed', '2025-06-22 14:02:40', 2),
(1210, 8, 'bet', 10.00, 'Bet won. Payout: 5.00', NULL, 'completed', '2025-06-22 14:02:42', 2),
(1211, 8, 'win', 5.00, 'Bet won. Payout: 5.00', 1210, 'completed', '2025-06-22 14:02:43', 2),
(1212, 8, 'bet', 10.00, 'Bet won. Payout: 12.00', NULL, 'completed', '2025-06-22 14:07:43', 2),
(1213, 8, 'win', 12.00, 'Bet won. Payout: 12.00', 1212, 'completed', '2025-06-22 14:07:44', 2),
(1214, 8, 'bet', 0.01, 'Bet won. Payout: 0.01', NULL, 'completed', '2025-06-22 14:08:33', 2),
(1215, 8, 'win', 0.01, 'Bet won. Payout: 0.01', 1214, 'completed', '2025-06-22 14:08:34', 2),
(1216, 8, 'bet', 0.01, 'Bet won. Payout: 0.01', NULL, 'completed', '2025-06-22 14:08:38', 2),
(1217, 8, 'win', 0.01, 'Bet won. Payout: 0.01', 1216, 'completed', '2025-06-22 14:08:39', 2),
(1218, 8, 'bet', 0.01, 'Bet won. Payout: 0.01', NULL, 'completed', '2025-06-22 14:17:47', 2),
(1219, 8, 'win', 0.01, 'Bet won. Payout: 0.01', 1218, 'completed', '2025-06-22 14:17:48', 2),
(1220, 8, 'bet', 0.01, 'Bet won. Payout: 0.01', NULL, 'completed', '2025-06-22 14:17:50', 2),
(1221, 8, 'win', 0.01, 'Bet won. Payout: 0.01', 1220, 'completed', '2025-06-22 14:17:51', 2),
(1222, 8, 'bet', 10.00, 'Bet won. Payout: 5.00', NULL, 'completed', '2025-06-22 15:31:32', 2),
(1223, 8, 'win', 5.00, 'Bet won. Payout: 5.00', 1222, 'completed', '2025-06-22 15:31:33', 2),
(1224, 8, 'bet', 10.00, 'Bet won. Payout: 12.00', NULL, 'completed', '2025-06-22 15:50:26', 2),
(1225, 8, 'win', 12.00, 'Bet won. Payout: 12.00', 1224, 'completed', '2025-06-22 15:50:27', 2),
(1226, 8, 'bet', 10.00, 'Bet won. Payout: 5.00', NULL, 'completed', '2025-06-22 15:50:28', 2),
(1227, 8, 'win', 5.00, 'Bet won. Payout: 5.00', 1226, 'completed', '2025-06-22 15:50:29', 2),
(1228, 8, 'bet', 10.00, 'Bet won. Payout: 5.00', NULL, 'completed', '2025-06-22 15:50:30', 2),
(1229, 8, 'win', 5.00, 'Bet won. Payout: 5.00', 1228, 'completed', '2025-06-22 15:50:31', 2),
(1230, 8, 'bet', 0.01, 'Bet won. Payout: 0.01', NULL, 'completed', '2025-06-22 15:50:33', 2),
(1231, 8, 'win', 0.01, 'Bet won. Payout: 0.01', 1230, 'completed', '2025-06-22 15:50:34', 2),
(1232, 8, 'bet', 0.01, 'Bet won. Payout: 0.01', NULL, 'completed', '2025-06-22 15:50:35', 2),
(1233, 8, 'win', 0.01, 'Bet won. Payout: 0.01', 1232, 'completed', '2025-06-22 15:50:36', 2),
(1234, 8, 'bet', 10.00, 'Bet won. Payout: 5.00', NULL, 'completed', '2025-06-22 15:51:48', 2),
(1235, 8, 'win', 5.00, 'Bet won. Payout: 5.00', 1234, 'completed', '2025-06-22 15:51:49', 2),
(1236, 8, 'bet', 10.00, 'Bet won. Payout: 5.00', NULL, 'completed', '2025-06-22 15:51:52', 2),
(1237, 8, 'win', 5.00, 'Bet won. Payout: 5.00', 1236, 'completed', '2025-06-22 15:51:53', 2),
(1248, 17, 'deposit', 100.00, 'Funds deposited', NULL, 'completed', '2025-06-22 19:52:19', NULL),
(1249, 17, 'bet', 10.00, 'Bet won. Payout: 5.00', NULL, 'completed', '2025-06-22 19:52:47', 2),
(1250, 17, 'win', 5.00, 'Bet won. Payout: 5.00', 1249, 'completed', '2025-06-22 19:52:48', 2),
(1251, 17, 'bet', 10.00, 'Bet won. Payout: 12.00', NULL, 'completed', '2025-06-22 19:52:49', 2),
(1252, 17, 'win', 12.00, 'Bet won. Payout: 12.00', 1251, 'completed', '2025-06-22 19:52:50', 2),
(1253, 17, 'bet', 10.00, 'Bet won. Payout: 12.00', NULL, 'completed', '2025-06-22 19:52:51', 2),
(1254, 17, 'win', 12.00, 'Bet won. Payout: 12.00', 1253, 'completed', '2025-06-22 19:52:52', 2);

-- --------------------------------------------------------

--
-- Table structure for table `users`
--

CREATE TABLE `users` (
  `id` int NOT NULL,
  `username` varchar(50) NOT NULL,
  `email` varchar(100) NOT NULL,
  `password` varchar(255) NOT NULL,
  `currency_balance` decimal(10,2) DEFAULT '0.00',
  `created_at` timestamp NULL DEFAULT CURRENT_TIMESTAMP,
  `token_balance` decimal(25,18) NOT NULL DEFAULT '0.000000000000000000'
) ENGINE=InnoDB DEFAULT CHARSET=utf8mb4 COLLATE=utf8mb4_0900_ai_ci;

--
-- Dumping data for table `users`
--

INSERT INTO `users` (`id`, `username`, `email`, `password`, `currency_balance`, `created_at`, `token_balance`) VALUES
(8, 'Cocoe', 'lunajoseenrico469@gmail.com', '$2y$10$Rjgpq4hLz8dTsp/7UeVGUuDvF19JXl.invCmrhSX7y0AwdXiCLnpW', 99556.95, '2025-06-05 12:05:15', 10.000000000000000000),
(17, 'Teehee', 'samuelhanspepano19@gmail.com', '$2y$10$g2g5Vzl9IsDrYl7hNUoJ8uf6Qz5x9KpjrUITqbqfMCCNIm5qacvBW', 99.00, '2025-06-22 19:35:36', 100.000000000000000000);

--
-- Indexes for dumped tables
--

--
-- Indexes for table `crypto_transactions`
--
ALTER TABLE `crypto_transactions`
  ADD PRIMARY KEY (`transaction_id`),
  ADD UNIQUE KEY `tx_hash` (`tx_hash`),
  ADD KEY `fk_crypto_transactions_user_id` (`user_id`);

--
-- Indexes for table `games`
--
ALTER TABLE `games`
  ADD PRIMARY KEY (`id`),
  ADD UNIQUE KEY `game_name` (`game_name`);

--
-- Indexes for table `game_history`
--
ALTER TABLE `game_history`
  ADD PRIMARY KEY (`history_id`),
  ADD KEY `fk_game_history_user_id` (`user_id`),
  ADD KEY `fk_game_history_game_id` (`game_id`);

--
-- Indexes for table `transactions`
--
ALTER TABLE `transactions`
  ADD PRIMARY KEY (`id`),
  ADD KEY `user_id` (`user_id`);

--
-- Indexes for table `users`
--
ALTER TABLE `users`
  ADD PRIMARY KEY (`id`),
  ADD UNIQUE KEY `username` (`username`),
  ADD UNIQUE KEY `email` (`email`);

--
-- AUTO_INCREMENT for dumped tables
--

--
-- AUTO_INCREMENT for table `crypto_transactions`
--
ALTER TABLE `crypto_transactions`
  MODIFY `transaction_id` int NOT NULL AUTO_INCREMENT, AUTO_INCREMENT=7;

--
-- AUTO_INCREMENT for table `games`
--
ALTER TABLE `games`
  MODIFY `id` int NOT NULL AUTO_INCREMENT, AUTO_INCREMENT=7;

--
-- AUTO_INCREMENT for table `game_history`
--
ALTER TABLE `game_history`
  MODIFY `history_id` int NOT NULL AUTO_INCREMENT;

--
-- AUTO_INCREMENT for table `transactions`
--
ALTER TABLE `transactions`
  MODIFY `id` int NOT NULL AUTO_INCREMENT, AUTO_INCREMENT=1255;

--
-- AUTO_INCREMENT for table `users`
--
ALTER TABLE `users`
  MODIFY `id` int NOT NULL AUTO_INCREMENT, AUTO_INCREMENT=18;

--
-- Constraints for dumped tables
--

--
-- Constraints for table `crypto_transactions`
--
ALTER TABLE `crypto_transactions`
  ADD CONSTRAINT `fk_crypto_transactions_user_id` FOREIGN KEY (`user_id`) REFERENCES `users` (`id`) ON DELETE CASCADE ON UPDATE CASCADE;

--
-- Constraints for table `game_history`
--
ALTER TABLE `game_history`
  ADD CONSTRAINT `fk_game_history_game_id` FOREIGN KEY (`game_id`) REFERENCES `games` (`id`) ON DELETE RESTRICT ON UPDATE CASCADE,
  ADD CONSTRAINT `fk_game_history_user_id` FOREIGN KEY (`user_id`) REFERENCES `users` (`id`) ON DELETE CASCADE ON UPDATE CASCADE;

--
-- Constraints for table `transactions`
--
ALTER TABLE `transactions`
  ADD CONSTRAINT `transactions_ibfk_1` FOREIGN KEY (`user_id`) REFERENCES `users` (`id`) ON DELETE CASCADE;
COMMIT;

/*!40101 SET CHARACTER_SET_CLIENT=@OLD_CHARACTER_SET_CLIENT */;
/*!40101 SET CHARACTER_SET_RESULTS=@OLD_CHARACTER_SET_RESULTS */;
/*!40101 SET COLLATION_CONNECTION=@OLD_COLLATION_CONNECTION */;
